Buy,KKKK,2024-02-22 09:00:00:000,32.10,4000,10.0000,D80618,QQ240222_01,LONG,,,
Buy,KKKK,2024-02-24 10:00:00:000,26.30,4000,10.0000,D19919,QQ240224_01,LONG,,,
Buy,SSSS,2024-02-25 13:00:00:000,1342.88,200,5.0000,D77699,QQ240225_01,LONG,,,
Buy,SSSS,2024-03-12 10:00:00:000,1272.3,200,10.0000,D56116,QQ240312_03,LONG,,,
Buy,ZZZZ,2024-03-16 11:00:00:000,316.08,2000,10.0000,D17108,QQ240316_02,LONG,,,
Buy,ZZZZ,2024-03-16 13:00:00:000,313.95,2000,10.0000,D85196,QQ240316_03,LONG,,,
Buy,SSSS,2024-03-18 09:00:00:000,1286.95,400,10.0000,D28672,QQ240318_04,LONG,,,
Buy,YYYY,2024-03-18 11:00:00:000,666.23,400,5.0000,D26466,QQ240318_05,LONG,,,
Buy,YYYY,2024-03-18 14:00:00:000,653.23,800,10.0000,D00758,QQ240318_06,LONG,,,
Buy,XXXX,2024-03-18 14:00:00:000,7626.5,40,10.0000,D73640,QQ240318_07,LONG,,,
Buy,BBBB,2024-03-23 09:00:00:000,45.48,2000,10.0000,D84763,QQ240323_01,LONG,,,
Buy,XXXX,2024-03-24 09:00:00:000,7820.48,40,10.0000,D01544,QQ240324_01,LONG,,,
Buy,UUUU,2024-03-24 10:00:00:000,1646.20,400,10.0000,D29514,QQ240324_02,LONG,,,
Buy,UUUU,2024-03-24 10:00:00:000,1630.65,400,10.0000,D31906,QQ240324_03,LONG,,,
Buy,SSSS,2024-03-25 09:00:00:000,1291.0,200,10.0000,D16256,QQ240325_02,LONG,,,
Buy,BBBB,2024-03-25 09:00:00:000,44.5,2000,10.0000,D44202,QQ240325_03,LONG,,,
Buy,XXXX,2024-03-25 10:00:00:000,7697.58,20,10.0000,D19929,QQ240325_04,LONG,,,
Buy,YYYY,2024-03-25 10:00:00:000,590.8,400,10.0000,D26276,QQ240325_05,LONG,,,
Buy,XXXX,2024-03-25 15:00:00:000,7616.08,20,10.0000,D73866,QQ240325_06,LONG,,,
Buy,AAAA,2024-03-30 11:00:00:000,579.35,400,10.0000,D35543,QQ240330_01,LONG,,,
Sell,BBBB,2024-04-01 10:00:00:000,46.88,2000,10.2200,D28331,QQ240401_30,LONG,,,
Sell,SSSS,2024-04-01 14:00:00:000,1339.80,400,10.5800,D31614,QQ240401_31,LONG,,,
Sell,AAAA,2024-04-05 09:00:00:000,615.23,200,10.1600,D33430,QQ240405_05,LONG,,,
Buy,BBBB,2024-04-05 09:00:00:000,45.48,2000,10.0000,D83736,QQ240405_06,LONG,,,
Sell,AAAA,2024-04-05 10:00:00:000,619.43,200,10.1600,D46397,QQ240405_07,LONG,,,
Buy,ZYXW,2024-04-05 13:00:00:000,5578.20,40,10.0000,D62249,QQ240405_08,LONG,,,
Sell,ZYXW,2024-04-05 13:00:00:000,5578.58,40,10.2400,D62501,QQ240405_09,LONG,,,
Sell,SSSS,2024-04-06 09:00:00:000,1373.35,200,10.3200,D21469,QQ240406_01,LONG,,,
Sell,XXXX,2024-04-06 10:00:00:000,8115.35,40,10.3400,D36681,QQ240406_02,LONG,,,
Buy,YYYY,2024-04-06 10:00:00:000,641.28,200,10.0000,D30444,QQ240406_03,LONG,,,
Buy,XXXX,2024-04-06 10:00:00:000,8080.45,20,10.0000,D38657,QQ240406_04,LONG,,,
Sell,ZZZZ,2024-04-06 11:00:00:000,317.20,2000,10.7800,D33422,QQ240406_05,LONG,,,
Sell,XXXX,2024-04-07 09:00:00:000,8130.60,40,10.3400,D18613,QQ240407_01,LONG,,,
Sell,ZZZZ,2024-04-07 11:00:00:000,318.0,2000,10.7800,D27096,QQ240407_02,LONG,,,
Sell,SSSS,2024-04-08 10:00:00:000,1386.40,200,10.3200,D38507,QQ240408_03,LONG,,,
Buy,TTTT,2024-04-08 10:00:00:000,776.60,200,10.0000,D26912,QQ240408_04,LONG,,,
Buy,XXXX,2024-04-08 10:00:00:000,8263.55,20,10.0000,D47383,QQ240408_05,LONG,,,
Sell,TTTT,2024-04-08 10:00:00:000,780.73,200,10.1800,D28496,QQ240408_06,LONG,,,
Buy,SSSS,2024-04-08 11:00:00:000,1370.40,100,10.0000,D36154,QQ240408_07,LONG,,,
Sell,XXXX,2024-04-08 11:00:00:000,8282.0,20,10.1800,D44546,QQ240408_08,LONG,,,
Buy,TTTT,2024-04-09 09:00:00:000,780.48,200,10.0000,D39283,QQ240409_03,LONG,,,
Sell,TTTT,2024-04-09 10:00:00:000,786.38,200,10.2000,D39946,QQ240409_04,LONG,,,
Buy,UUUU,2024-04-09 10:00:00:000,1692.43,200,10.0000,D08021,QQ240409_05,LONG,,,
Buy,TTTT,2024-04-09 10:00:00:000,782.35,400,10.0000,D79359,QQ240409_06,LONG,,,
Sell,XXXX,2024-04-09 11:00:00:000,8315.60,60,10.5200,D34199,QQ240409_07,LONG,,,
Sell,SSSS,2024-04-09 13:00:00:000,1390.30,300,10.4600,D10239,QQ240409_08,LONG,,,
Buy,XXXX,2024-04-12 09:00:00:000,8397.68,40,10.0000,D27732,QQ240412_03,LONG,,,
Sell,XXXX,2024-04-12 09:00:00:000,8424.03,40,10.3600,D28276,QQ240412_04,LONG,,,
Sell,UUUU,2024-04-12 10:00:00:000,1758.08,200,10.3800,D98409,QQ240412_05,LONG,,,
Buy,XXXX,2024-04-12 13:00:00:000,8454.70,40,10.0000,D96326,QQ240412_06,LONG,,,
Sell,UUUU,2024-04-13 09:00:00:000,1808.43,200,10.4000,D61191,QQ240413_05,LONG,,,
Sell,UUUU,2024-04-13 09:00:00:000,1815.68,400,10.7800,D84325,QQ240413_06,LONG,,,
Sell,XXXX,2024-04-13 09:00:00:000,8561.63,40,10.3600,D57546,QQ240413_07,LONG,,,
Sell,UUUU,2024-04-13 10:00:00:000,1822.48,200,10.4000,D18988,QQ240413_08,LONG,,,
Buy,UUUU,2024-04-13 10:00:00:000,1819.8,400,10.0000,D74542,QQ240413_09,LONG,,,
Sell,UUUU,2024-04-13 10:00:00:000,1838.63,400,10.7800,D27215,QQ240413_10,LONG,,,
Buy,TTTT,2024-04-13 10:00:00:000,780.35,200,10.0000,D55005,QQ240413_11,LONG,,,
Buy,UUUU,2024-04-13 11:00:00:000,1839.35,400,10.0000,D71949,QQ240413_12,LONG,,,
Sell,UUUU,2024-04-13 12:00:00:000,1846.93,400,10.7800,D15959,QQ240413_13,LONG,,,
Buy,SSSS,2024-04-13 12:00:00:000,1378.83,200,10.0000,D54222,QQ240413_14,LONG,,,
Buy,XXXX,2024-04-13 12:00:00:000,8530.10,40,10.0000,D02601,QQ240413_15,LONG,,,
Buy,UUUU,2024-04-13 14:00:00:000,1885.65,400,10.0000,D37544,QQ240413_16,LONG,,,
Sell,UUUU,2024-04-13 14:00:00:000,1893.05,400,10.8000,D12644,QQ240413_17,LONG,,,
Buy,UUUU,2024-04-13 15:00:00:000,1899.83,400,10.0000,D32095,QQ240413_18,LONG,,,
Sell,UUUU,2024-04-13 15:00:00:000,1902.3,400,10.8000,D43385,QQ240413_19,LONG,,,
Buy,UUUU,2024-04-13 15:00:00:000,1897.838,400,10.0000,D43831,QQ240413_20,LONG,,,
Sell,UUUU,2024-04-13 15:00:00:000,1899.35,400,10.8000,D61578,QQ240413_21,LONG,,,
Buy,UUUU,2024-04-13 15:00:00:000,1901.15,400,10.0000,D65755,QQ240413_22,LONG,,,
Buy,XXXX,2024-04-14 09:00:00:000,8473.65,40,10.0000,D39706,QQ240414_03,LONG,,,
Buy,UUUU,2024-04-14 09:00:00:000,1916.28,200,10.0000,D52685,QQ240414_04,LONG,,,
Buy,UUUU,2024-04-14 09:00:00:000,1928.90,200,10.0000,D03411,QQ240414_05,LONG,,,
Buy,ZZZZ,2024-04-14 10:00:00:000,334.3,800,10.0000,D44837,QQ240414_06,LONG,,,
Buy,UUUU,2024-04-14 11:00:00:000,1882.55,200,10.0000,D98205,QQ240414_07,LONG,,,
Buy,UUUU,2024-04-14 14:00:00:000,1855.15,400,10.0000,D32971,QQ240414_08,LONG,,,
Buy,UUUU,2024-04-15 09:00:00:000,1849.13,200,10.0000,D94549,QQ240415_02,LONG,,,
Buy,UUUU,2024-04-15 10:00:00:000,1809.18,200,10.0000,D29133,QQ240415_03,LONG,,,
Buy,ZZZZ,2024-04-15 10:00:00:000,335.5,800,10.0000,D59214,QQ240415_04,LONG,,,
Sell,ZZZZ,2024-04-15 10:00:00:000,335.58,800,10.3200,D59581,QQ240415_05,LONG,,,
Sell,ZZZZ,2024-04-15 10:00:00:000,337.18,800,10.3200,D98306,QQ240415_06,LONG,,,
Buy,XXXX,2024-04-15 10:00:00:000,8432.73,40,10.0000,D15847,QQ240415_07,LONG,,,
Buy,ZZZZ,2024-04-15 10:00:00:000,335.68,800,10.0000,D89596,QQ240415_08,LONG,,,
Buy,ZZZZ,2024-04-16 09:00:00:000,335.28,800,10.0000,D88335,QQ240416_03,LONG,,,
Sell,ZZZZ,2024-04-16 10:00:00:000,335.788,1600,10.6600,D92138,QQ240416_04,LONG,,,
Buy,ZZZZ,2024-04-16 11:00:00:000,334.8490,2000,10.0000,D72021,QQ240416_05,LONG,,,
Sell,UUUU,2024-04-16 12:00:00:000,1862.08,400,10.7800,D56645,QQ240416_06,LONG,,,
Buy,UUUU,2024-04-16 15:00:00:000,1848.83,200,10.0000,D97560,QQ240416_07,LONG,,,
Sell,ZZZZ,2024-04-19 09:00:00:000,337.8,2000,10.8200,D45926,QQ240419_01,LONG,,,
Buy,UUUU,2024-04-19 09:00:00:000,1770.35,200,10.0000,D67468,QQ240419_02,LONG,,,
Buy,ZZZZ,2024-04-19 10:00:00:000,337.40,2000,10.0000,D71123,QQ240419_03,LONG,,,
Buy,XXXX,2024-04-19 10:00:00:000,8467.63,40,10.0000,D22064,QQ240419_04,LONG,,,
Buy,KKKK,2024-04-19 10:00:00:000,13.55,2000,10.0000,D39179,QQ240419_05,LONG,,,
Sell,ZZZZ,2024-04-19 10:00:00:000,337.8,2000,10.8200,D05913,QQ240419_06,LONG,,,
Buy,ZZZZ,2024-04-20 10:00:00:000,334.80,2000,10.0000,D93146,QQ240420_04,LONG,,,
Buy,TTTT,2024-04-20 10:00:00:000,747.60,200,10.0000,D49599,QQ240420_05,LONG,,,
Buy,XXXX,2024-04-20 13:00:00:000,8304.10,40,10.0000,D00312,QQ240420_06,LONG,,,
Sell,TTTT,2024-04-20 14:00:00:000,757.3,200,10.1800,D56690,QQ240420_07,LONG,,,
Buy,SSSS,2024-04-20 16:00:00:000,1223.95,200,10.0000,D59565,QQ240420_08,LONG,,,
Buy,TTTT,2024-04-21 09:00:00:000,746.15,200,10.0000,D54968,QQ240421_03,LONG,,,
Buy,ZYXW,2024-04-21 09:00:00:000,5693.53,20,10.0000,D59077,QQ240421_04,LONG,,,
Buy,ZZZZ,2024-04-21 09:00:00:000,330.58,2000,10.0000,D46346,QQ240421_05,LONG,,,
Sell,ZZZZ,2024-04-21 09:00:00:000,331.08,2000,10.8000,D64382,QQ240421_06,LONG,,,
Buy,ZZZZ,2024-04-21 09:00:00:000,331.03,2000,10.0000,D74843,QQ240421_07,LONG,,,
Buy,TTTT,2024-04-21 10:00:00:000,745.35,200,10.0000,D91993,QQ240421_08,LONG,,,
Sell,ZZZZ,2024-04-21 11:00:00:000,333.05,2000,10.8000,D77311,QQ240421_09,LONG,,,
Sell,XXXX,2024-04-21 12:00:00:000,8389.23,40,10.3600,D33250,QQ240421_10,LONG,,,
Buy,SSSS,2024-04-22 10:00:00:000,1266.0,200,10.0000,D61818,QQ240422_03,LONG,,,
Buy,UUUU,2024-04-22 10:00:00:000,1849.68,400,10.0000,D48562,QQ240422_04,LONG,,,
Sell,UUUU,2024-04-22 10:00:00:000,1851.0,400,10.7800,D88481,QQ240422_05,LONG,,,
Buy,XXXX,2024-04-22 13:00:00:000,8351.03,40,10.0000,D69607,QQ240422_06,LONG,,,
Buy,TTTT,2024-04-22 13:00:00:000,746.78,400,10.0000,D31218,QQ240422_07,LONG,,,
Buy,UUUU,2024-04-22 13:00:00:000,1829.63,200,10.0000,D77604,QQ240422_08,LONG,,,
Buy,AAAA,2024-04-22 13:00:00:000,647.03,400,10.0000,D36909,QQ240422_09,LONG,,,
Buy,YYYY,2024-04-22 15:00:00:000,585.63,400,10.0000,D29754,QQ240422_10,LONG,,,
Sell,ZZZZ,2024-04-23 11:00:00:000,335.43,800,10.3200,D17982,QQ240423_02,LONG,,,
Sell,AAAA,2024-04-23 15:00:00:000,653.70,400,10.3000,D35244,QQ240423_03,LONG,,,
Sell,XXXX,2024-04-26 14:00:00:000,8543.13,40,10.3600,D68406,QQ240426_02,LONG,,,
Buy,AAAA,2024-04-27 09:00:00:000,651.90,400,10.0000,D11261,QQ240427_02,LONG,,,
Sell,AAAA,2024-04-27 12:00:00:000,653.65,200,10.1600,D15790,QQ240427_03,LONG,,,
Sell,AAAA,2024-04-27 14:00:00:000,655.4670,200,10.1600,D81914,QQ240427_04,LONG,,,
Sell,ZYXW,2024-04-27 16:00:00:000,5898.38,20,10.1400,D20979,QQ240427_05,LONG,,,
Sell,TTTT,2024-04-28 17:00:00:000,815.98,600,10.5400,D09980,QQ240428_01,LONG,,,
Buy,TTTT,2024-04-29 10:00:00:000,812.03,400,10.0000,D63822,QQ240429_07,LONG,,,
Sell,TTTT,2024-04-29 14:00:00:000,822.93,400,10.3600,D65101,QQ240429_08,LONG,,,
Buy,BBBB,2024-04-30 11:00:00:000,49.5,2000,10.0000,D94078,QQ240430_05,LONG,,,
Buy,TTTT,2024-05-03 09:00:00:000,813.15,200,10.0000,D19217,QQ240503_03,LONG,,,
Buy,TTTT,2024-05-03 10:00:00:000,815.33,200,10.0000,D19938,QQ240503_04,LONG,,,
Buy,XXXX,2024-05-03 10:00:00:000,8586.40,40,10.0000,D55427,QQ240503_05,LONG,,,
Buy,TTTT,2024-05-04 10:00:00:000,787.55,200,10.0000,D86805,QQ240504_04,LONG,,,
Sell,TTTT,2024-05-04 15:00:00:000,795.6753,200,10.2000,D53107,QQ240504_05,LONG,,,
Sell,BBBB,2024-05-04 18:00:00:000,50.7368,400,10.0600,D72245,QQ240504_06,LONG,,,
Sell,BBBB,2024-05-04 19:00:00:000,51.3,2000,10.2400,D72220,QQ240504_07,LONG,,,
Sell,BBBB,2024-05-05 10:00:00:000,53.10,3600,10.4200,D36281,QQ240505_04,LONG,,,
Buy,XXXX,2024-05-05 14:00:00:000,8191.003,40,10.0000,D97860,QQ240505_05,LONG,,,
Buy,BBBB,2024-05-05 15:00:00:000,52.2240,2000,10.0000,D38086,QQ240505_06,LONG,,,
Sell,BBBB,2024-05-05 17:00:00:000,53.70,1200,10.1600,D62399,QQ240505_07,LONG,,,
Sell,BBBB,2024-05-05 17:00:00:000,55.63,800,10.1000,D65661,QQ240505_08,LONG,,,
Buy,ZZZZ,2024-05-06 09:00:00:000,318.53,800,10.0000,D37236,QQ240506_01,LONG,,,
Sell,TTTT,2024-05-07 08:00:00:000,815.10,400,10.3600,D35695,QQ240507_02,LONG,,,
Buy,TTTT,2024-05-07 09:00:00:000,798.95,400,10.0000,D95434,QQ240507_03,LONG,,,
Buy,UUUU,2024-05-11 10:00:00:000,1537.28,200,10.0000,D83521,QQ240511_05,LONG,,,
Buy,MMMM,2024-05-12 09:00:00:000,343.40,400,10.0000,D37177,QQ240512_02,LONG,,,
Sell,UUUU,2024-05-12 09:00:00:000,1545.73,200,10.3400,D62411,QQ240512_03,LONG,,,
Sell,MMMM,2024-05-12 10:00:00:000,343.83,400,10.1800,D37721,QQ240512_04,LONG,,,
Buy,UUUU,2024-05-12 10:00:00:000,1516.48,200,10.0000,D89050,QQ240512_05,LONG,,,
Buy,AAAA,2024-05-12 10:00:00:000,599.645,400,10.0000,D61341,QQ240512_06,LONG,,,
Sell,AAAA,2024-05-12 11:00:00:000,601.65,400,10.2800,D61938,QQ240512_07,LONG,,,
Buy,AAAA,2024-05-12 11:00:00:000,602.0,400,10.0000,D83486,QQ240512_08,LONG,,,
Sell,AAAA,2024-05-13 09:00:00:000,607.10,400,10.2800,D66033,QQ240513_07,LONG,,,
Buy,UUUU,2024-05-13 09:00:00:000,1487.78,400,10.0000,D79915,QQ240513_08,LONG,,,
Sell,UUUU,2024-05-13 10:00:00:000,1499.5745,400,10.6400,D80584,QQ240513_09,LONG,,,
Buy,UUUU,2024-05-13 10:00:00:000,1470.78,400,10.0000,D22316,QQ240513_10,LONG,,,
Buy,UUUU,2024-05-13 13:00:00:000,1417.70,200,10.0000,D01398,QQ240513_11,LONG,,,
Sell,UUUU,2024-05-13 14:00:00:000,1433.755,200,10.3200,D03223,QQ240513_12,LONG,,,
Buy,UUUU,2024-05-13 15:00:00:000,1421.433,200,10.0000,D49121,QQ240513_13,LONG,,,
Sell,UUUU,2024-05-14 10:00:00:000,1470.55,400,10.6200,D63781,QQ240514_03,LONG,,,
Buy,UUUU,2024-05-14 10:00:00:000,1466.38,200,10.0000,D86267,QQ240514_04,LONG,,,
Sell,UUUU,2024-05-14 15:00:00:000,1476.43,400,10.6400,D91219,QQ240514_05,LONG,,,
Buy,UUUU,2024-05-18 09:00:00:000,1411.43,200,10.0000,D62139,QQ240518_03,LONG,,,
Sell,UUUU,2024-05-18 09:00:00:000,1437.38,200,10.3200,D68594,QQ240518_04,LONG,,,
Buy,UUUU,2024-05-18 10:00:00:000,1449.98,200,10.0000,D14983,QQ240518_05,LONG,,,
Sell,UUUU,2024-05-18 10:00:00:000,1466.13,200,10.3200,D47129,QQ240518_06,LONG,,,
Buy,UUUU,2024-05-18 14:00:00:000,1462.80,80,10.0000,D68919,QQ240518_07,LONG,,,
Buy,ZZZZ,2024-05-18 15:00:00:000,312.5,800,10.0000,D67692,QQ240518_08,LONG,,,
Buy,ZZZZ,2024-05-19 09:00:00:000,309.88,1200,10.0000,D47193,QQ240519_04,LONG,,,
Sell,TTTT,2024-05-20 09:00:00:000,794.35,400,10.3600,D34796,QQ240520_03,LONG,,,
Sell,TTTT,2024-05-20 09:00:00:000,794.05,400,10.3600,D35044,QQ240520_04,LONG,,,
Sell,TTTT,2024-05-20 10:00:00:000,793.90,400,10.3600,D59818,QQ240520_05,LONG,,,
Buy,TTTT,2024-05-21 09:00:00:000,791.63,200,10.0000,D08472,QQ240521_01,LONG,,,
Sell,TTTT,2024-05-21 10:00:00:000,795.0253,200,10.2000,D08908,QQ240521_02,LONG,,,
Buy,AAAA,2024-05-21 10:00:00:000,616.5,400,10.0000,D63447,QQ240521_03,LONG,,,
Sell,AAAA,2024-05-21 10:00:00:000,617.10,400,10.2800,D71730,QQ240521_04,LONG,,,
Buy,ZZZZ,2024-05-21 11:00:00:000,314.813,2000,10.0000,D24681,QQ240521_05,LONG,,,
Sell,ZZZZ,2024-05-24 10:00:00:000,318.8,2000,10.7800,D32439,QQ240524_05,LONG,,,
Buy,AAAA,2024-05-25 09:00:00:000,628.70,200,10.0000,D01972,QQ240525_01,LONG,,,
Sell,AAAA,2024-05-25 10:00:00:000,629.0253,200,10.1400,D02940,QQ240525_02,LONG,,,
Sell,UUUU,2024-05-26 10:00:00:000,1524.6828573,280,10.4600,D50049,QQ240526_02,LONG,,,
Sell,UUUU,2024-05-26 10:00:00:000,1538.18,400,10.6600,D63236,QQ240526_03,LONG,,,
Sell,UUUU,2024-05-26 11:00:00:000,1545.28,400,10.6600,D85766,QQ240526_04,LONG,,,
Sell,XXXX,2024-05-26 11:00:00:000,8209.53,40,10.3400,D89197,QQ240526_05,LONG,,,
Sell,UUUU,2024-05-26 14:00:00:000,1560.73,200,10.3400,D99470,QQ240526_06,LONG,,,
Sell,ZZZZ,2024-05-27 09:00:00:000,317.83,4000,11.5400,D46146,QQ240527_04,LONG,,,
Buy,ZZZZ,2024-05-27 09:00:00:000,318.53,2000,10.0000,D49508,QQ240527_05,LONG,,,
Buy,ZZZZ,2024-05-27 10:00:00:000,317.78,2000,10.0000,D63175,QQ240527_06,LONG,,,
Sell,ZZZZ,2024-05-27 10:00:00:000,318.68,2000,10.7800,D57015,QQ240527_07,LONG,,,
Sell,ZZZZ,2024-05-27 10:00:00:000,318.65,2000,10.7800,D11811,QQ240527_08,LONG,,,
Buy,ZZZZ,2024-05-27 15:00:00:000,313.65,2000,10.0000,D37571,QQ240527_09,LONG,,,
Sell,UUUU,2024-05-27 15:00:00:000,1574.55,400,10.6800,D38789,QQ240527_10,LONG,,,
Buy,UUUU,2024-05-28 09:00:00:000,1575.23,400,10.0000,D07301,QQ240528_03,LONG,,,
Sell,UUUU,2024-05-28 14:00:00:000,1588.58,400,10.6800,D20879,QQ240528_04,LONG,,,
Buy,UUUU,2024-05-28 15:00:00:000,1575.70,400,10.0000,D61620,QQ240528_05,LONG,,,
Sell,YYYY,2024-06-01 09:00:00:000,637.63,400,10.3000,D99344,QQ240601_03,LONG,,,
Buy,XXXX,2024-06-01 10:00:00:000,8051.98,20,10.0000,D69006,QQ240601_04,LONG,,,
Buy,ZZZZ,2024-06-01 15:00:00:000,310.8,2000,10.0000,D85304,QQ240601_05,LONG,,,
Sell,YYYY,2024-06-02 09:00:00:000,641.5,400,10.3000,D45114,QQ240602_02,LONG,,,
Sell,YYYY,2024-06-02 09:00:00:000,643.30,800,10.5800,D57892,QQ240602_03,LONG,,,
Sell,YYYY,2024-06-02 10:00:00:000,643.28,600,10.4400,D99295,QQ240602_04,LONG,,,
Buy,AAAA,2024-06-02 13:00:00:000,616.60,400,10.0000,D73005,QQ240602_05,LONG,,,
Buy,SSSS,2024-06-03 09:00:00:000,1232.60,200,10.0000,D38281,QQ240603_03,LONG,,,
Buy,UUUU,2024-06-03 15:00:00:000,1440.70,200,10.0000,D07371,QQ240603_04,LONG,,,
Sell,AAAA,2024-06-04 09:00:00:000,621.40,400,10.2800,D05577,QQ240604_01,LONG,,,
Sell,UUUU,2024-06-04 10:00:00:000,1477.93,200,10.3400,D56418,QQ240604_02,LONG,,,
Sell,ZZZZ,2024-06-04 11:00:00:000,313.33,4000,11.5200,D27141,QQ240604_03,LONG,,,
Buy,ZZZZ,2024-06-04 12:00:00:000,312.55,12,10.0000,D59565,QQ240604_04,LONG,,,
Buy,MMMM,2024-06-09 09:00:00:000,348.63,200,10.0000,D59600,QQ240609_02,LONG,,,
Buy,YYYY,2024-06-09 09:00:00:000,624.20,200,10.0000,D07299,QQ240609_03,LONG,,,
Sell,YYYY,2024-06-09 10:00:00:000,630.80,200,10.1600,D11800,QQ240609_04,LONG,,,
Buy,YYYY,2024-06-09 12:00:00:000,626.65,200,10.0000,D10125,QQ240609_05,LONG,,,
Sell,YYYY,2024-06-10 09:00:00:000,631.88,200,10.1600,D26765,QQ240610_04,LONG,,,
Buy,YYYY,2024-06-10 09:00:00:000,633.68,400,10.0000,D62988,QQ240610_05,LONG,,,
Sell,YYYY,2024-06-10 09:00:00:000,636.55,400,10.2800,D71966,QQ240610_06,LONG,,,
Buy,YYYY,2024-06-10 09:00:00:000,632.83,400,10.0000,D81793,QQ240610_07,LONG,,,
Buy,ZZZZ,2024-06-11 09:00:00:000,315.45,2000,10.0000,D58402,QQ240611_01,LONG,,,
Sell,ZZZZ,2024-06-11 09:00:00:000,317.38,2012,10.7800,D60919,QQ240611_02,LONG,,,
Buy,ZZZZ,2024-06-11 11:00:00:000,317.488,800,10.0000,D26204,QQ240611_03,LONG,,,
Sell,ZZZZ,2024-06-11 11:00:00:000,317.78,800,10.3000,D26858,QQ240611_04,LONG,,,
Sell,MMMM,2024-06-11 12:00:00:000,351.03,200,10.1000,D52703,QQ240611_05,LONG,,,
Buy,YYYY,2024-06-15 09:00:00:000,614.3,400,10.0000,D30996,QQ240615_01,LONG,,,
Buy,UUUU,2024-06-15 09:00:00:000,1532.05,200,10.0000,D40484,QQ240615_02,LONG,,,
Sell,YYYY,2024-06-15 09:00:00:000,619.90,400,10.2800,D34905,QQ240615_03,LONG,,,
Buy,YYYY,2024-06-15 09:00:00:000,615.60,400,10.0000,D47243,QQ240615_04,LONG,,,
Sell,XXXX,2024-06-15 09:00:00:000,8487.55,80,10.7000,D36828,QQ240615_05,LONG,,,
Buy,MMMM,2024-06-15 09:00:00:000,349.85,800,10.0000,D91619,QQ240615_06,LONG,,,
Buy,XXXX,2024-06-15 10:00:00:000,8423.395,40,10.0000,D76231,QQ240615_07,LONG,,,
Buy,UUUU,2024-06-15 14:00:00:000,1504.58,200,10.0000,D97822,QQ240615_08,LONG,,,
Buy,ZZZZ,2024-06-16 09:00:00:000,324.30,800,10.0000,D11650,QQ240616_03,LONG,,,
Sell,ZZZZ,2024-06-16 09:00:00:000,325.95,800,10.3200,D12098,QQ240616_04,LONG,,,
Buy,ZZZZ,2024-06-16 09:00:00:000,326.8498,2000,10.0000,D39052,QQ240616_05,LONG,,,
Sell,ZZZZ,2024-06-16 09:00:00:000,326.929920,2000,10.8000,D40119,QQ240616_06,LONG,,,
Sell,XXXX,2024-06-16 10:00:00:000,8520.3,100,10.8800,D00492,QQ240616_07,LONG,,,
Buy,XXXX,2024-06-16 10:00:00:000,8529.53,80,10.0000,D58541,QQ240616_08,LONG,,,
Sell,XXXX,2024-06-16 10:00:00:000,8533.46563,160,11.4000,D61615,QQ240616_09,LONG,,,
Buy,XXXX,2024-06-16 11:00:00:000,8497.85,80,10.0000,D46802,QQ240616_10,LONG,,,
Sell,XXXX,2024-06-16 13:00:00:000,8511.73,80,10.7000,D48110,QQ240616_11,LONG,,,
Buy,ZZZZ,2024-06-16 14:00:00:000,323.88,800,10.0000,D33493,QQ240616_12,LONG,,,
Buy,XXXX,2024-06-16 14:00:00:000,8473.83,80,10.0000,D97016,QQ240616_13,LONG,,,
Buy,MMMM,2024-06-16 14:00:00:000,343.88,800,10.0000,D25579,QQ240616_14,LONG,,,
Buy,AAAA,2024-06-16 14:00:00:000,638.98,400,10.0000,D34019,QQ240616_15,LONG,,,
Sell,XXXX,2024-06-16 15:00:00:000,8530.13,80,10.7000,D22047,QQ240616_16,LONG,,,
Sell,AAAA,2024-06-16 15:00:00:000,643.90,400,10.3000,D34249,QQ240616_17,LONG,,,
Sell,ZZZZ,2024-06-16 15:00:00:000,324.55,800,10.3200,D31246,QQ240616_18,LONG,,,
Sell,UUUU,2024-06-16 15:00:00:000,1520.48,200,10.3400,D95030,QQ240616_19,LONG,,,
Buy,ZZZZ,2024-06-17 09:00:00:000,325.85,2000,10.0000,D25636,QQ240617_02,LONG,,,
Sell,ZZZZ,2024-06-17 09:00:00:000,326.15,2000,10.8000,D29439,QQ240617_03,LONG,,,
Sell,UUUU,2024-06-17 13:00:00:000,1552.3,400,10.6600,D54801,QQ240617_04,LONG,,,
Buy,ZYXW,2024-06-18 10:00:00:000,6262.5,20,10.0000,D70701,QQ240618_02,LONG,,,
Buy,XXXX,2024-06-18 11:00:00:000,8695.15,20,10.0000,D61371,QQ240618_03,LONG,,,
Sell,XXXX,2024-06-18 11:00:00:000,8705.30,20,10.1800,D70950,QQ240618_04,LONG,,,
Sell,UUUU,2024-06-18 12:00:00:000,1560,800,11.3200,D19059,QQ240618_05,LONG,,,
Buy,UUUU,2024-06-18 13:00:00:000,1570.5,400,10.0000,D33159,QQ240618_06,LONG,,,
Buy,UUUU,2024-06-18 13:00:00:000,1562.15,400,10.0000,D20123,QQ240618_07,LONG,,,
Sell,ZYXW,2024-06-18 15:00:00:000,6307.0,20,10.1400,D27001,QQ240618_08,LONG,,,
Buy,AAAA,2024-06-18 15:00:00:000,649.68,400,10.0000,D20087,QQ240618_09,LONG,,,
Sell,AAAA,2024-06-18 15:00:00:000,649.90,400,10.3000,D21144,QQ240618_10,LONG,,,
Buy,XXXX,2024-06-21 09:00:00:000,8685.68,20,10.0000,D96560,QQ240621_01,LONG,,,
Buy,ZZZZ,2024-06-22 09:00:00:000,330.30,2000,10.0000,D83145,QQ240622_03,LONG,,,
Sell,ZZZZ,2024-06-22 10:00:00:000,330.43,2000,10.8000,D13380,QQ240622_04,LONG,,,
Buy,ZZZZ,2024-06-22 10:00:00:000,329.95,2000,10.0000,D50088,QQ240622_05,LONG,,,
Sell,ZZZZ,2024-06-22 10:00:00:000,330.28,2000,10.8000,D58722,QQ240622_06,LONG,,,
Buy,ZZZZ,2024-06-22 10:00:00:000,330.70,2000,10.0000,D76761,QQ240622_07,LONG,,,
Sell,ZZZZ,2024-06-22 10:00:00:000,330.88,2000,10.8000,D81254,QQ240622_08,LONG,,,
Buy,ZZZZ,2024-06-22 10:00:00:000,331.03,2000,10.0000,D82095,QQ240622_09,LONG,,,
Sell,ZZZZ,2024-06-22 11:00:00:000,331.73,2000,10.8000,D82418,QQ240622_10,LONG,,,
Sell,XXXX,2024-06-22 11:00:00:000,8744.3,20,10.1800,D84016,QQ240622_11,LONG,,,
Buy,ZZZZ,2024-06-23 09:00:00:000,334.15,800,10.0000,D53046,QQ240623_01,LONG,,,
Sell,ZZZZ,2024-06-23 09:00:00:000,334.95,800,10.3200,D53483,QQ240623_02,LONG,,,
Buy,ZZZZ,2024-06-23 09:00:00:000,335.48,800,10.0000,D64989,QQ240623_03,LONG,,,
Sell,ZZZZ,2024-06-23 09:00:00:000,335.63,800,10.3200,D69702,QQ240623_04,LONG,,,
Sell,UUUU,2024-06-23 09:00:00:000,1616.18,400,10.6800,D40080,QQ240623_05,LONG,,,
Buy,XXXX,2024-06-23 10:00:00:000,8771.20,40,10.0000,D29424,QQ240623_06,LONG,,,
Buy,UUUU,2024-06-23 10:00:00:000,1632.5,800,10.0000,D84992,QQ240623_07,LONG,,,
Sell,UUUU,2024-06-23 10:00:00:000,1635.60,1200,12.1000,D35652,QQ240623_08,LONG,,,
Buy,ZZZZ,2024-06-23 10:00:00:000,334.5733,2000,10.0000,D85477,QQ240623_09,LONG,,,
Buy,ZZZZ,2024-06-23 11:00:00:000,333.80,2000,10.0000,D72547,QQ240623_10,LONG,,,
Buy,XXXX,2024-06-23 11:00:00:000,8717.41313,80,10.0000,D59408,QQ240623_11,LONG,,,
Buy,UUUU,2024-06-23 12:00:00:000,1633.38,40,10.0000,D19513,QQ240623_12,LONG,,,
Sell,ZZZZ,2024-06-23 13:00:00:000,335.35,2000,10.8200,D51126,QQ240623_13,LONG,,,
Buy,ZZZZ,2024-06-23 14:00:00:000,334.30,2000,10.0000,D65024,QQ240623_14,LONG,,,
Buy,UUUU,2024-06-24 09:00:00:000,1673.70,400,10.0000,D83382,QQ240624_01,LONG,,,
Buy,UUUU,2024-06-24 09:00:00:000,1698.9960,400,10.0000,D18600,QQ240624_02,LONG,,,
Sell,UUUU,2024-06-24 09:00:00:000,1701.83,440,10.8000,D91883,QQ240624_03,LONG,,,
Sell,UUUU,2024-06-24 10:00:00:000,1705.08,400,10.7200,D81720,QQ240624_04,LONG,,,
Buy,UUUU,2024-06-24 10:00:00:000,1707.83,400,10.0000,D79028,QQ240624_05,LONG,,,
Buy,XXXX,2024-06-24 10:00:00:000,8769.23,40,10.0000,D16469,QQ240624_06,LONG,,,
Sell,UUUU,2024-06-24 10:00:00:000,1712.40,400,10.7200,D30885,QQ240624_07,LONG,,,
Buy,UUUU,2024-06-24 10:00:00:000,1711.58,400,10.0000,D41353,QQ240624_08,LONG,,,
Buy,TTTT,2024-06-24 12:00:00:000,859.10,200,10.0000,D62657,QQ240624_09,LONG,,,
Buy,XXXX,2024-06-24 13:00:00:000,8627.3,40,10.0000,D92697,QQ240624_10,LONG,,,
Sell,YYYY,2024-06-24 13:00:00:000,625.98,200,10.1600,D87076,QQ240624_11,LONG,,,
Sell,SSSS,2024-06-24 14:00:00:000,1298.90,200,10.3000,D68088,QQ240624_12,LONG,,,
Buy,ZZZZ,2024-06-24 15:00:00:000,333.3040,2000,10.0000,D42207,QQ240624_13,LONG,,,
Buy,ZZZZ,2024-06-24 15:00:00:000,332.65,2000,10.0000,D55027,QQ240624_14,LONG,,,
Sell,UUUU,2024-06-25 09:00:00:000,1721.03,400,10.7400,D39281,QQ240625_01,LONG,,,
Buy,UUUU,2024-06-25 09:00:00:000,1715.85,400,10.0000,D42724,QQ240625_02,LONG,,,
Sell,UUUU,2024-06-25 09:00:00:000,1721.03,400,10.7400,D58740,QQ240625_03,LONG,,,
Buy,UUUU,2024-06-25 09:00:00:000,1719.8633,400,10.0000,D67439,QQ240625_04,LONG,,,
Sell,UUUU,2024-06-25 09:00:00:000,1721.48,400,10.7400,D70860,QQ240625_05,LONG,,,
Buy,UUUU,2024-06-25 09:00:00:000,1722.3290,400,10.0000,D74040,QQ240625_06,LONG,,,
Buy,UUUU,2024-06-25 09:00:00:000,1709.0,400,10.0000,D85645,QQ240625_07,LONG,,,
Buy,XXXX,2024-06-25 10:00:00:000,8522.48,80,10.0000,D00215,QQ240625_08,LONG,,,
Buy,UUUU,2024-06-25 10:00:00:000,1697.13,400,10.0000,D17574,QQ240625_09,LONG,,,
Sell,ZZZZ,2024-06-25 10:00:00:000,334.23,2000,10.8200,D41855,QQ240625_10,LONG,,,
Sell,ZZZZ,2024-06-28 10:00:00:000,337.505,2000,10.8200,D03871,QQ240628_02,LONG,,,
Sell,ZZZZ,2024-06-28 10:00:00:000,337.88,2000,10.8200,D92350,QQ240628_03,LONG,,,
Buy,ZZZZ,2024-06-28 10:00:00:000,337.13,400,10.0000,D90167,QQ240628_04,LONG,,,
Sell,ZZZZ,2024-06-28 11:00:00:000,337.80,400,10.1600,D40269,QQ240628_05,LONG,,,
Sell,TTTT,2024-06-28 15:00:00:000,876.38,200,10.2000,D12813,QQ240628_06,LONG,,,
Sell,SSSS,2024-06-28 15:00:00:000,1332.05,200,10.3000,D08851,QQ240628_07,LONG,,,
Buy,SSSS,2024-06-28 15:00:00:000,1333.10,400,10.0000,D88126,QQ240628_08,LONG,,,
Buy,ZZZZ,2024-06-28 15:00:00:000,337.13,2000,10.0000,D54744,QQ240628_09,LONG,,,
Buy,UUUU,2024-06-29 09:00:00:000,1698.8755,200,10.0000,D76574,QQ240629_04,LONG,,,
Sell,ZZZZ,2024-06-29 09:00:00:000,338.78,2000,10.8200,D88788,QQ240629_05,LONG,,,
Buy,TTTT,2024-06-29 10:00:00:000,880.13,400,10.0000,D33590,QQ240629_06,LONG,,,
Sell,TTTT,2024-06-29 10:00:00:000,880.63,400,10.3800,D35191,QQ240629_07,LONG,,,
Buy,UUUU,2024-06-29 10:00:00:000,1697.445,200,10.0000,D43912,QQ240629_08,LONG,,,
Sell,ZZZZ,2024-06-29 10:00:00:000,339.53,2000,10.8200,D56884,QQ240629_09,LONG,,,
Buy,ZZZZ,2024-06-29 10:00:00:000,339.85,2000,10.0000,D27263,QQ240629_10,LONG,,,
Buy,ZZZZ,2024-06-29 15:00:00:000,340.70,2000,10.0000,D52012,QQ240629_11,LONG,,,
Sell,ZZZZ,2024-06-29 15:00:00:000,340.78,2000,10.8200,D94409,QQ240629_12,LONG,,,
Sell,MMMM,2024-06-30 09:00:00:000,349.83,800,10.3400,D41683,QQ240630_05,LONG,,,
Sell,MMMM,2024-06-30 09:00:00:000,355.70,800,10.3400,D41934,QQ240630_06,LONG,,,
Buy,ZZZZ,2024-06-30 09:00:00:000,340.41205,2000,10.0000,D04660,QQ240630_07,LONG,,,
Sell,ZZZZ,2024-06-30 10:00:00:000,341.8,2000,10.8200,D07315,QQ240630_08,LONG,,,
Sell,UUUU,2024-06-30 10:00:00:000,1722.6565,400,10.7400,D57927,QQ240630_09,LONG,,,
Sell,ZZZZ,2024-06-30 10:00:00:000,342.53,2000,10.8200,D64809,QQ240630_10,LONG,,,
Sell,UUUU,2024-06-30 11:00:00:000,1725.53,400,10.7400,D55111,QQ240630_11,LONG,,,
Buy,ZZZZ,2024-06-30 11:00:00:000,342.1998,800,10.0000,D77310,QQ240630_12,LONG,,,
Sell,ZZZZ,2024-06-30 15:00:00:000,343.08,800,10.3200,D15334,QQ240630_13,LONG,,,
Buy,UUUU,2024-06-30 15:00:00:000,1702.18,400,10.0000,D18561,QQ240630_14,LONG,,,
Buy,SSSS,2024-06-30 15:00:00:000,1318.8858,400,10.0000,D23224,QQ240630_15,LONG,,,
Buy,ZZZZ,2024-06-30 15:00:00:000,342.98,2000,10.0000,D28319,QQ240630_16,LONG,,,
Buy,ZZZZ,2024-07-01 09:00:00:000,341.8,2000,10.0000,D99376,QQ240701_05,LONG,,,
Buy,AAAA,2024-07-01 09:00:00:000,674.63,400,10.0000,D27456,QQ240701_06,LONG,,,
Buy,UUUU,2024-07-01 09:00:00:000,1709.10,400,10.0000,D29884,QQ240701_07,LONG,,,
Sell,SSSS,2024-07-01 09:00:00:000,1333.40,800,11.1400,D13715,QQ240701_08,LONG,,,
Buy,YYYY,2024-07-01 09:00:00:000,600.55,800,10.0000,D48933,QQ240701_09,LONG,,,
Buy,ZZZZ,2024-07-01 10:00:00:000,341.63,2000,10.0000,D72936,QQ240701_10,LONG,,,
Sell,SSSS,2024-07-01 10:00:00:000,1340.68,400,10.5800,D59286,QQ240701_11,LONG,,,
Buy,SSSS,2024-07-01 10:00:00:000,1335.30,400,10.0000,D13384,QQ240701_12,LONG,,,
Sell,YYYY,2024-07-01 11:00:00:000,603.08,800,10.5400,D49614,QQ240701_13,LONG,,,
Buy,YYYY,2024-07-01 11:00:00:000,599.7488,400,10.0000,D28051,QQ240701_14,LONG,,,
Buy,XXXX,2024-07-01 11:00:00:000,8553.28,80,10.0000,D42436,QQ240701_15,LONG,,,
Sell,ZZZZ,2024-07-01 14:00:00:000,342.38,2000,10.8200,D03243,QQ240701_16,LONG,,,
Sell,ZZZZ,2024-07-01 15:00:00:000,342.68,2000,10.8200,D58997,QQ240701_17,LONG,,,
Sell,AAAA,2024-07-01 15:00:00:000,677.620,400,10.3000,D27887,QQ240701_18,LONG,,,
Sell,ZZZZ,2024-07-02 09:00:00:000,346.28,2000,10.8400,D56861,QQ240702_07,LONG,,,
Buy,SSSS,2024-07-02 09:00:00:000,1331.55,400,10.0000,D99761,QQ240702_08,LONG,,,
Buy,ZZZZ,2024-07-02 10:00:00:000,346.33,800,10.0000,D68833,QQ240702_09,LONG,,,
Buy,UUUU,2024-07-02 10:00:00:000,1692.93,400,10.0000,D51718,QQ240702_10,LONG,,,
Sell,XXXX,2024-07-02 12:00:00:000,8690.05,20,10.1800,D20108,QQ240702_11,LONG,,,
Sell,ZZZZ,2024-07-02 13:00:00:000,349.0063,800,10.3400,D70909,QQ240702_12,LONG,,,
Sell,XXXX,2024-07-02 15:00:00:000,8773.513,80,10.7200,D84733,QQ240702_13,LONG,,,
Sell,XXXX,2024-07-02 19:00:00:000,8777.98,260,12.3600,D26462,QQ240702_14,LONG,,,
Buy,AAAA,2024-07-06 09:00:00:000,695.05,400,10.0000,D68365,QQ240706_08,LONG,,,
Sell,AAAA,2024-07-06 10:00:00:000,697.58,400,10.3200,D71455,QQ240706_09,LONG,,,
Buy,TTTT,2024-07-06 10:00:00:000,885.60,400,10.0000,D60975,QQ240706_10,LONG,,,
Sell,SSSS,2024-07-06 11:00:00:000,1347.420,400,10.5800,D05305,QQ240706_11,LONG,,,
Buy,UUUU,2024-07-06 11:00:00:000,1654.2035,400,10.0000,D56902,QQ240706_12,LONG,,,
Buy,XXXX,2024-07-06 11:00:00:000,9063.90,40,10.0000,D88900,QQ240706_13,LONG,,,
Buy,ZZZZ,2024-07-06 12:00:00:000,351.18,2000,10.0000,D37104,QQ240706_14,LONG,,,
Sell,ZZZZ,2024-07-06 12:00:00:000,352.15,1000,10.4200,D37688,QQ240706_15,LONG,,,
Sell,XXXX,2024-07-06 13:00:00:000,9156.5,40,10.3800,D01248,QQ240706_16,LONG,,,
Sell,SSSS,2024-07-06 14:00:00:000,1352.85,400,10.5800,D81336,QQ240706_17,LONG,,,
Sell,ZZZZ,2024-07-06 15:00:00:000,355.08,1000,10.4400,D82650,QQ240706_18,LONG,,,
Buy,XXXX,2024-07-06 15:00:00:000,9173.73,40,10.0000,D73098,QQ240706_19,LONG,,,
Buy,XXXX,2024-07-07 09:00:00:000,9265.60,80,10.0000,D94286,QQ240707_07,LONG,,,
Buy,ZZZZ,2024-07-07 09:00:00:000,357.3,2000,10.0000,D10702,QQ240707_08,LONG,,,
Sell,XXXX,2024-07-07 09:00:00:000,9332.95,40,10.4000,D05511,QQ240707_09,LONG,,,
Sell,ZZZZ,2024-07-07 09:00:00:000,360.53,2000,10.8600,D11296,QQ240707_10,LONG,,,
Buy,ZZZZ,2024-07-07 09:00:00:000,360.18,2000,10.0000,D43933,QQ240707_11,LONG,,,
Sell,ZZZZ,2024-07-07 10:00:00:000,360.68,2000,10.8600,D53229,QQ240707_12,LONG,,,
Buy,ZZZZ,2024-07-07 10:00:00:000,359.58,2000,10.0000,D92086,QQ240707_13,LONG,,,
Buy,AAAA,2024-07-07 10:00:00:000,696.53,200,10.0000,D20124,QQ240707_14,LONG,,,
Buy,ZZZZ,2024-07-07 10:00:00:000,357.5,2000,10.0000,D17518,QQ240707_15,LONG,,,
Buy,XXXX,2024-07-07 10:00:00:000,9220.28,40,10.0000,D40395,QQ240707_16,LONG,,,
Buy,SSSS,2024-07-07 11:00:00:000,1336.95,200,10.0000,D43293,QQ240707_17,LONG,,,
Sell,ZZZZ,2024-07-07 11:00:00:000,360.28,2000,10.8600,D05506,QQ240707_18,LONG,,,
Sell,ZZZZ,2024-07-07 12:00:00:000,360,2000,10.8600,D85041,QQ240707_19,LONG,,,
Buy,TTTT,2024-07-07 13:00:00:000,877.70,400,10.0000,D34889,QQ240707_20,LONG,,,
Sell,AAAA,2024-07-07 14:00:00:000,701.20,200,10.1800,D26805,QQ240707_21,LONG,,,
Buy,YYYY,2024-07-07 14:00:00:000,578.80,2000,10.0000,D38459,QQ240707_22,LONG,,,
Buy,ZZZZ,2024-07-08 09:00:00:000,357.20,2000,10.0000,D68831,QQ240708_11,LONG,,,
Buy,XXXX,2024-07-08 09:00:00:000,9116.20,40,10.0000,D96920,QQ240708_12,LONG,,,
Buy,ZZZZ,2024-07-08 09:00:00:000,353.60,2000,10.0000,D12293,QQ240708_13,LONG,,,
Buy,AAAA,2024-07-08 10:00:00:000,691.78,400,10.0000,D55434,QQ240708_14,LONG,,,
Buy,AAAA,2024-07-08 10:00:00:000,689.95,400,10.0000,D92766,QQ240708_15,LONG,,,
Sell,AAAA,2024-07-08 12:00:00:000,693.33,400,10.3200,D94358,QQ240708_16,LONG,,,
Sell,ZZZZ,2024-07-08 12:00:00:000,357.45,2000,10.8600,D82689,QQ240708_17,LONG,,,
Sell,XXXX,2024-07-08 12:00:00:000,9258.05,40,10.3800,D43425,QQ240708_18,LONG,,,
Sell,ZZZZ,2024-07-08 12:00:00:000,357.663,2000,10.8600,D87695,QQ240708_19,LONG,,,
Sell,AAAA,2024-07-08 12:00:00:000,693.70,400,10.3200,D58878,QQ240708_20,LONG,,,
Buy,ZZZZ,2024-07-08 12:00:00:000,358.23,2000,10.0000,D96891,QQ240708_21,LONG,,,
Sell,ZZZZ,2024-07-08 12:00:00:000,358.28,2000,10.8600,D00586,QQ240708_22,LONG,,,
Sell,XXXX,2024-07-08 13:00:00:000,9279.03,40,10.3800,D88219,QQ240708_23,LONG,,,
Buy,ZZZZ,2024-07-08 13:00:00:000,357.95,2000,10.0000,D03390,QQ240708_24,LONG,,,
Sell,XXXX,2024-07-08 13:00:00:000,9347.43,40,10.4000,D08644,QQ240708_25,LONG,,,
Sell,ZZZZ,2024-07-08 13:00:00:000,358.95005,2000,10.8600,D12857,QQ240708_26,LONG,,,
Buy,ZZZZ,2024-07-08 14:00:00:000,358.773,2000,10.0000,D24270,QQ240708_27,LONG,,,
Sell,YYYY,2024-07-08 15:00:00:000,583.10,1000,10.6600,D16796,QQ240708_28,LONG,,,
Buy,XXXX,2024-07-09 09:00:00:000,9307.55,40,10.0000,D71429,QQ240709_04,LONG,,,
Sell,YYYY,2024-07-09 09:00:00:000,599.35,800,10.5400,D46351,QQ240709_05,LONG,,,
Sell,ZZZZ,2024-07-09 09:00:00:000,359.3,2000,10.8600,D55545,QQ240709_06,LONG,,,
Buy,YYYY,2024-07-09 10:00:00:000,595.3305,1200,10.0000,D89163,QQ240709_07,LONG,,,
Buy,ZZZZ,2024-07-09 10:00:00:000,360.3233,2000,10.0000,D79278,QQ240709_08,LONG,,,
Sell,ZZZZ,2024-07-09 10:00:00:000,360.40,2000,10.8600,D21113,QQ240709_09,LONG,,,
Sell,YYYY,2024-07-09 10:00:00:000,598.4958333,2400,11.6200,D89913,QQ240709_10,LONG,,,
Buy,SSSS,2024-07-09 10:00:00:000,1323.90,400,10.0000,D49846,QQ240709_11,LONG,,,
Buy,YYYY,2024-07-09 10:00:00:000,596.64813,800,10.0000,D45425,QQ240709_12,LONG,,,
Buy,YYYY,2024-07-09 10:00:00:000,595.93,1200,10.0000,D67843,QQ240709_13,LONG,,,
Sell,YYYY,2024-07-09 10:00:00:000,596.95,800,10.5400,D61756,QQ240709_14,LONG,,,
Sell,SSSS,2024-07-09 10:00:00:000,1333.08,400,10.5800,D65119,QQ240709_15,LONG,,,
Sell,YYYY,2024-07-09 11:00:00:000,599.38,1200,10.8200,D68796,QQ240709_16,LONG,,,
Sell,SSSS,2024-07-09 11:00:00:000,1337.5,200,10.3000,D78833,QQ240709_17,LONG,,,
Buy,YYYY,2024-07-09 12:00:00:000,597.70,2000,10.0000,D71429,QQ240709_18,LONG,,,
Buy,ZZZZ,2024-07-09 13:00:00:000,362.8,800,10.0000,D24336,QQ240709_19,LONG,,,
Buy,ZZZZ,2024-07-09 15:00:00:000,362.2249440,2000,10.0000,D68124,QQ240709_20,LONG,,,
Buy,XXXX,2024-07-12 10:00:00:000,9267.38,80,10.0000,D52266,QQ240712_03,LONG,,,
Buy,AAAA,2024-07-12 10:00:00:000,692.78,800,10.0000,D82483,QQ240712_04,LONG,,,
Buy,ZZZZ,2024-07-12 10:00:00:000,361.40,1200,10.0000,D10351,QQ240712_05,LONG,,,
Sell,UUUU,2024-07-12 10:00:00:000,1711.83,400,10.7200,D39174,QQ240712_06,LONG,,,
Buy,SSSS,2024-07-12 10:00:00:000,1336.10,400,10.0000,D87010,QQ240712_07,LONG,,,
Sell,YYYY,2024-07-12 10:00:00:000,601.33,1200,10.8200,D91631,QQ240712_08,LONG,,,
Buy,UUUU,2024-07-12 10:00:00:000,1697.10,400,10.0000,D04950,QQ240712_09,LONG,,,
Buy,MMMM,2024-07-12 11:00:00:000,349.55,800,10.0000,D29939,QQ240712_10,LONG,,,
Sell,UUUU,2024-07-12 12:00:00:000,1714.78,400,10.7200,D15057,QQ240712_11,LONG,,,
Buy,TTTT,2024-07-13 09:00:00:000,874.83,400,10.0000,D38105,QQ240713_04,LONG,,,
Buy,UUUU,2024-07-13 09:00:00:000,1706.90,400,10.0000,D36235,QQ240713_05,LONG,,,
Buy,YYYY,2024-07-13 09:00:00:000,575.93,1200,10.0000,D59661,QQ240713_06,LONG,,,
Sell,AAAA,2024-07-13 09:00:00:000,698.55,800,10.6200,D52247,QQ240713_07,LONG,,,
Sell,ZZZZ,2024-07-13 09:00:00:000,364.83,2000,10.8800,D32875,QQ240713_08,LONG,,,
Sell,ZZZZ,2024-07-13 10:00:00:000,366.13,2000,10.8800,D80148,QQ240713_09,LONG,,,
Sell,TTTT,2024-07-13 12:00:00:000,886.88,800,10.7800,D49607,QQ240713_10,LONG,,,
Sell,SSSS,2024-07-13 12:00:00:000,1362.88,400,10.5800,D77707,QQ240713_11,LONG,,,
Buy,SSSS,2024-07-13 13:00:00:000,1357.95,200,10.0000,D32110,QQ240713_12,LONG,,,
Buy,ZZZZ,2024-07-13 13:00:00:000,366.98,800,10.0000,D34184,QQ240713_13,LONG,,,
Buy,TTTT,2024-07-13 13:00:00:000,881.8,800,10.0000,D21387,QQ240713_14,LONG,,,
Buy,AAAA,2024-07-13 14:00:00:000,701.03,800,10.0000,D37777,QQ240713_15,LONG,,,
Buy,YYYY,2024-07-13 14:00:00:000,572.80,800,10.0000,D97597,QQ240713_16,LONG,,,
Buy,XXXX,2024-07-13 15:00:00:000,9198.73,80,10.0000,D96781,QQ240713_17,LONG,,,
Sell,ZZZZ,2024-07-14 09:00:00:000,371.63,800,10.3600,D06625,QQ240714_01,LONG,,,
Buy,ZZZZ,2024-07-14 09:00:00:000,369.98,800,10.0000,D14566,QQ240714_02,LONG,,,
Sell,ZZZZ,2024-07-14 09:00:00:000,370.48,800,10.3600,D22878,QQ240714_03,LONG,,,
Buy,ZZZZ,2024-07-14 09:00:00:000,370.73,2000,10.0000,D28008,QQ240714_04,LONG,,,
Sell,ZZZZ,2024-07-14 09:00:00:000,371.08,2000,10.8800,D39144,QQ240714_05,LONG,,,
Sell,SSSS,2024-07-14 09:00:00:000,1368.83,200,10.3000,D43648,QQ240714_06,LONG,,,
Sell,MMMM,2024-07-14 10:00:00:000,352.13,800,10.3400,D53736,QQ240714_07,LONG,,,
Buy,TTTT,2024-07-14 11:00:00:000,869.70,200,10.0000,D58344,QQ240714_08,LONG,,,
Buy,ZZZZ,2024-07-14 12:00:00:000,371.30,2000,10.0000,D93071,QQ240714_09,LONG,,,
Sell,ZZZZ,2024-07-14 12:00:00:000,371.95,2000,10.8800,D94303,QQ240714_10,LONG,,,
Buy,ZZZZ,2024-07-14 12:00:00:000,372.55,2000,10.0000,D99278,QQ240714_11,LONG,,,
Sell,ZZZZ,2024-07-14 15:00:00:000,373.55240,2000,10.9000,D03799,QQ240714_12,LONG,,,
Sell,AAAA,2024-07-14 15:00:00:000,708.18,800,10.6200,D04366,QQ240714_13,LONG,,,
Buy,YYYY,2024-07-15 09:00:00:000,557.48,1200,10.0000,D73312,QQ240715_03,LONG,,,
Buy,TTTT,2024-07-15 09:00:00:000,863.2463,400,10.0000,D88236,QQ240715_04,LONG,,,
Buy,SSSS,2024-07-15 10:00:00:000,1372.85,400,10.0000,D65070,QQ240715_05,LONG,,,
Buy,ZZZZ,2024-07-16 15:00:00:000,365.43,800,10.0000,D22989,QQ240716_04,LONG,,,
Buy,XXXX,2024-07-16 15:00:00:000,8939.68,40,10.0000,D32817,QQ240716_05,LONG,,,
Sell,ZZZZ,2024-07-22 09:00:00:000,366.53,800,10.3400,D61241,QQ240722_01,LONG,,,
Buy,ZZZZ,2024-07-22 11:00:00:000,368.73,200,10.0000,D62391,QQ240722_02,LONG,,,
Sell,TTTT,2024-07-22 15:00:00:000,877.03,600,10.5800,D64529,QQ240722_03,LONG,,,
Buy,ZZZZ,2024-07-22 15:00:00:000,366.73,1000,10.0000,D41306,QQ240722_04,LONG,,,
Sell,TTTT,2024-07-26 09:00:00:000,932.48,400,10.4200,D74909,QQ240726_03,LONG,,,
Buy,MMMM,2024-07-26 09:00:00:000,355.45,400,10.0000,D05778,QQ240726_04,LONG,,,
Buy,AAAA,2024-07-27 09:00:00:000,720.03,400,10.0000,D13822,QQ240727_02,LONG,,,
Sell,AAAA,2024-07-27 09:00:00:000,721.68,400,10.3200,D14151,QQ240727_03,LONG,,,
Buy,ZZZZ,2024-07-27 09:00:00:000,371.10,800,10.0000,D46361,QQ240727_04,LONG,,,
Sell,YYYY,2024-07-28 09:00:00:000,584.03,400,10.2600,D82433,QQ240728_01,LONG,,,
Buy,SSSS,2024-07-29 09:00:00:000,1294.60,200,10.0000,D69633,QQ240729_04,LONG,,,
Sell,YYYY,2024-07-29 10:00:00:000,585.45,800,10.5200,D59733,QQ240729_05,LONG,,,
Sell,YYYY,2024-07-29 11:00:00:000,586.48,64,10.0400,D83419,QQ240729_06,LONG,,,
Buy,XXXX,2024-07-29 13:00:00:000,9000.53,20,10.0000,D05946,QQ240729_07,LONG,,,
Buy,XXXX,2024-07-29 16:00:00:000,8626.20,20,10.0000,D65152,QQ240729_08,LONG,,,
Buy,XXXX,2024-07-30 09:00:00:000,8332.10,20,10.0000,D35604,QQ240730_03,LONG,,,
Sell,UUUU,2024-07-30 09:00:00:000,1714.0,400,10.7200,D78858,QQ240730_04,LONG,,,
Sell,UUUU,2024-07-30 09:00:00:000,1714.53,400,10.7200,D79028,QQ240730_05,LONG,,,
Sell,UUUU,2024-07-30 10:00:00:000,1713.13,400,10.7200,D04255,QQ240730_06,LONG,,,
Sell,UUUU,2024-07-30 11:00:00:000,1728.63,400,10.7400,D49009,QQ240730_07,LONG,,,
Buy,UUUU,2024-07-30 11:00:00:000,1720.8160,400,10.0000,D00651,QQ240730_08,LONG,,,
Sell,UUUU,2024-07-30 11:00:00:000,1727.73,400,10.7400,D77468,QQ240730_09,LONG,,,
Sell,UUUU,2024-07-30 12:00:00:000,1733.8438,400,10.7400,D10307,QQ240730_10,LONG,,,
Buy,UUUU,2024-07-30 12:00:00:000,1727.23,400,10.0000,D03900,QQ240730_11,LONG,,,
Sell,UUUU,2024-07-30 12:00:00:000,1735.18,800,11.4600,D14428,QQ240730_12,LONG,,,
Buy,UUUU,2024-07-30 12:00:00:000,1743.53,200,10.0000,D34674,QQ240730_13,LONG,,,
Buy,YYYY,2024-07-30 14:00:00:000,563.98,2000,10.0000,D81965,QQ240730_14,LONG,,,
Sell,YYYY,2024-07-30 15:00:00:000,565.83,736,10.4800,D82907,QQ240730_15,LONG,,,
Sell,YYYY,2024-07-30 15:00:00:000,566.13,2000,11.2800,D96659,QQ240730_16,LONG,,,
Buy,UUUU,2024-08-02 09:00:00:000,1759.48,400,10.0000,D84277,QQ240802_01,LONG,,,
Sell,UUUU,2024-08-02 09:00:00:000,1770.08,600,11.1400,D85792,QQ240802_02,LONG,,,
Buy,UUUU,2024-08-02 09:00:00:000,1778.0,400,10.0000,D96223,QQ240802_03,LONG,,,
Sell,UUUU,2024-08-02 09:00:00:000,1781.55,400,10.7600,D04431,QQ240802_04,LONG,,,
Buy,UUUU,2024-08-02 09:00:00:000,1775.63,400,10.0000,D06441,QQ240802_05,LONG,,,
Sell,UUUU,2024-08-02 09:00:00:000,1789.18,400,10.7600,D20503,QQ240802_06,LONG,,,
Buy,UUUU,2024-08-02 09:00:00:000,1798.2560,800,10.0000,D29329,QQ240802_07,LONG,,,
Sell,UUUU,2024-08-02 10:00:00:000,1802.18,800,11.5200,D43008,QQ240802_08,LONG,,,
Buy,UUUU,2024-08-02 10:00:00:000,1794.63,800,10.0000,D55133,QQ240802_09,LONG,,,
Sell,UUUU,2024-08-02 10:00:00:000,1797.93,800,11.5200,D59504,QQ240802_10,LONG,,,
Buy,UUUU,2024-08-02 10:00:00:000,1804.80,800,10.0000,D61948,QQ240802_11,LONG,,,
Buy,TTTT,2024-08-02 10:00:00:000,885.08,800,10.0000,D86645,QQ240802_12,LONG,,,
Buy,ZZZZ,2024-08-02 10:00:00:000,363.988,2000,10.0000,D34653,QQ240802_13,LONG,,,
Sell,UUUU,2024-08-02 10:00:00:000,1811.55,800,11.5200,D69003,QQ240802_14,LONG,,,
Buy,UUUU,2024-08-02 10:00:00:000,1809.78,800,10.0000,D99268,QQ240802_15,LONG,,,
Sell,UUUU,2024-08-02 11:00:00:000,1811.90,800,11.5200,D00998,QQ240802_16,LONG,,,
Buy,UUUU,2024-08-02 11:00:00:000,1798.70,200,10.0000,D21871,QQ240802_17,LONG,,,
Buy,UUUU,2024-08-02 11:00:00:000,1792.68,80,10.0000,D55377,QQ240802_18,LONG,,,
Buy,UUUU,2024-08-02 15:00:00:000,1788.85,400,10.0000,D56414,QQ240802_19,LONG,,,
Buy,UUUU,2024-08-02 15:00:00:000,1785,400,10.0000,D66244,QQ240802_20,LONG,,,
Sell,UUUU,2024-08-03 09:00:00:000,1804.58,400,10.7600,D31477,QQ240803_03,LONG,,,
Buy,UUUU,2024-08-03 09:00:00:000,1799.98,400,10.0000,D49884,QQ240803_04,LONG,,,
Sell,UUUU,2024-08-03 09:00:00:000,1804.60,680,11.3000,D50401,QQ240803_05,LONG,,,
Sell,UUUU,2024-08-03 09:00:00:000,1804.0,400,10.7600,D74099,QQ240803_06,LONG,,,
Buy,UUUU,2024-08-03 09:00:00:000,1794.58,800,10.0000,D77055,QQ240803_07,LONG,,,
Buy,UUUU,2024-08-03 09:00:00:000,1781.85,400,10.0000,D93446,QQ240803_08,LONG,,,
Buy,AAAA,2024-08-03 10:00:00:000,712.5,800,10.0000,D09239,QQ240803_09,LONG,,,
Buy,ZYXW,2024-08-03 10:00:00:000,6740.3,20,10.0000,D38180,QQ240803_10,LONG,,,
Sell,AAAA,2024-08-03 11:00:00:000,716.98,800,10.6400,D10862,QQ240803_11,LONG,,,
Sell,ZZZZ,2024-08-03 12:00:00:000,368.43,800,10.3600,D64217,QQ240803_12,LONG,,,
Sell,ZZZZ,2024-08-03 13:00:00:000,369.90,3200,11.4200,D91033,QQ240803_13,LONG,,,
Buy,UUUU,2024-08-03 14:00:00:000,1771.53,400,10.0000,D98266,QQ240803_14,LONG,,,
Buy,ZZZZ,2024-08-03 14:00:00:000,368.90,2000,10.0000,D95572,QQ240803_15,LONG,,,
Buy,ZZZZ,2024-08-03 15:00:00:000,368.10,2000,10.0000,D53420,QQ240803_16,LONG,,,
Sell,ZYXW,2024-08-03 15:00:00:000,6812.03,20,10.1400,D44853,QQ240803_17,LONG,,,
Sell,MMMM,2024-08-03 15:00:00:000,359.43,400,10.1800,D18947,QQ240803_18,LONG,,,
Sell,ZZZZ,2024-08-04 09:00:00:000,369.0,2000,10.8800,D01258,QQ240804_02,LONG,,,
Sell,YYYY,2024-08-04 10:00:00:000,577.53,400,10.2600,D34095,QQ240804_03,LONG,,,
Sell,TTTT,2024-08-04 10:00:00:000,886.10,400,10.4000,D60351,QQ240804_04,LONG,,,
Buy,ZZZZ,2024-08-04 11:00:00:000,366.60,1200,10.0000,D91850,QQ240804_05,LONG,,,
Sell,UUUU,2024-08-04 11:00:00:000,1800.73,800,11.5200,D12995,QQ240804_06,LONG,,,
Sell,UUUU,2024-08-04 11:00:00:000,1810.53,800,11.5200,D63838,QQ240804_07,LONG,,,
Buy,UUUU,2024-08-04 11:00:00:000,1802.85,800,10.0000,D63513,QQ240804_08,LONG,,,
Sell,TTTT,2024-08-04 13:00:00:000,896.78,400,10.4000,D91337,QQ240804_09,LONG,,,
Buy,UUUU,2024-08-04 14:00:00:000,1782.13,800,10.0000,D71647,QQ240804_10,LONG,,,
Sell,TTTT,2024-08-05 10:00:00:000,904.3,800,10.7800,D81334,QQ240805_04,LONG,,,
Sell,ZZZZ,2024-08-05 11:00:00:000,369.20,800,10.3600,D13522,QQ240805_05,LONG,,,
Sell,YYYY,2024-08-05 11:00:00:000,576.80,1600,11.0600,D22543,QQ240805_06,LONG,,,
Buy,ZZZZ,2024-08-09 09:00:00:000,364.3235,1600,10.0000,D10568,QQ240809_03,LONG,,,
Buy,YYYY,2024-08-09 09:00:00:000,569.35,800,10.0000,D21249,QQ240809_04,LONG,,,
Sell,YYYY,2024-08-09 11:00:00:000,575.40,800,10.5200,D22945,QQ240809_05,LONG,,,
Buy,UUUU,2024-08-10 10:00:00:000,1760.30,400,10.0000,D84233,QQ240810_03,LONG,,,
Buy,YYYY,2024-08-10 10:00:00:000,585.428,800,10.0000,D01262,QQ240810_04,LONG,,,
Sell,YYYY,2024-08-10 10:00:00:000,585.45,800,10.5200,D01638,QQ240810_05,LONG,,,
Buy,YYYY,2024-08-10 10:00:00:000,585.58,800,10.0000,D05395,QQ240810_06,LONG,,,
Sell,YYYY,2024-08-10 10:00:00:000,586.05,800,10.5200,D05793,QQ240810_07,LONG,,,
Buy,YYYY,2024-08-10 10:00:00:000,585.68,800,10.0000,D20495,QQ240810_08,LONG,,,
Sell,YYYY,2024-08-10 10:00:00:000,588.13,800,10.5200,D35301,QQ240810_09,LONG,,,
Buy,TTTT,2024-08-10 11:00:00:000,900,800,10.0000,D83243,QQ240810_10,LONG,,,
Buy,ZZZZ,2024-08-10 11:00:00:000,364.03,800,10.0000,D92929,QQ240810_11,LONG,,,
Buy,YYYY,2024-08-11 09:00:00:000,588.95,800,10.0000,D16072,QQ240811_02,LONG,,,
Sell,YYYY,2024-08-11 09:00:00:000,593.73,800,10.5400,D17220,QQ240811_03,LONG,,,
Buy,YYYY,2024-08-11 09:00:00:000,595.08,800,10.0000,D45146,QQ240811_04,LONG,,,
Sell,YYYY,2024-08-11 09:00:00:000,596.63,800,10.5400,D51505,QQ240811_05,LONG,,,
Buy,YYYY,2024-08-11 10:00:00:000,594.6770,400,10.0000,D55539,QQ240811_06,LONG,,,
Sell,YYYY,2024-08-11 13:00:00:000,597.48,400,10.2800,D92075,QQ240811_07,LONG,,,
Buy,SSSS,2024-08-12 09:00:00:000,1273.8248,200,10.0200,D01441,QQ240812_09,LONG,,,
Sell,ZZZZ,2024-08-12 09:00:00:000,366.10,2000,10.8800,D78303,QQ240812_10,LONG,,,
Buy,ZZZZ,2024-08-12 09:00:00:000,367.70,2000,10.0000,D15185,QQ240812_11,LONG,,,
Sell,ZZZZ,2024-08-12 09:00:00:000,367.95,2800,11.2200,D20810,QQ240812_12,LONG,,,
Buy,ZZZZ,2024-08-12 09:00:00:000,368.15,2000,10.0000,D32108,QQ240812_13,LONG,,,
Buy,XXXX,2024-08-12 10:00:00:000,8183.05,20,10.0000,D53872,QQ240812_14,LONG,,,
Sell,ZZZZ,2024-08-12 10:00:00:000,367.20,4000,11.7400,D54663,QQ240812_15,LONG,,,
Sell,UUUU,2024-08-12 15:00:00:000,1805.65,400,10.7600,D63242,QQ240812_16,LONG,,,
Buy,ZZZZ,2024-08-13 09:00:00:000,371.3,2000,10.0000,D20099,QQ240813_07,LONG,,,
Sell,ZZZZ,2024-08-13 09:00:00:000,371.93265,2000,10.8800,D31586,QQ240813_08,LONG,,,
Buy,ZZZZ,2024-08-13 09:00:00:000,372.38,2000,10.0000,D51458,QQ240813_09,LONG,,,
Sell,ZZZZ,2024-08-13 09:00:00:000,373.0505,2000,10.9000,D52874,QQ240813_10,LONG,,,
Buy,ZZZZ,2024-08-13 09:00:00:000,372.83,2000,10.0000,D56159,QQ240813_11,LONG,,,
Sell,ZZZZ,2024-08-13 09:00:00:000,372.65,2000,10.9000,D57871,QQ240813_12,LONG,,,
Buy,ZZZZ,2024-08-13 10:00:00:000,372.046383,2000,10.0000,D84934,QQ240813_13,LONG,,,
Sell,ZZZZ,2024-08-13 10:00:00:000,373.30240,2000,10.9000,D85818,QQ240813_14,LONG,,,
Buy,ZZZZ,2024-08-13 11:00:00:000,371.92180,2000,10.0000,D12750,QQ240813_15,LONG,,,
Sell,ZZZZ,2024-08-16 09:00:00:000,373.10,2000,10.9000,D49053,QQ240816_03,LONG,,,
Buy,ZZZZ,2024-08-16 09:00:00:000,373.73,4000,10.0000,D58641,QQ240816_04,LONG,,,
Sell,ZZZZ,2024-08-16 09:00:00:000,374.60,2000,10.9000,D60084,QQ240816_05,LONG,,,
Sell,ZZZZ,2024-08-16 09:00:00:000,374.48,2000,10.9000,D62526,QQ240816_06,LONG,,,
Buy,ZZZZ,2024-08-16 09:00:00:000,376.38,4000,10.0000,D70829,QQ240816_07,LONG,,,
Buy,UUUU,2024-08-16 09:00:00:000,1731.10,400,10.0000,D67053,QQ240816_08,LONG,,,
Buy,ZZZZ,2024-08-16 09:00:00:000,370.95,2000,10.0000,D96609,QQ240816_09,LONG,,,
Buy,ZZZZ,2024-08-16 10:00:00:000,367.83,2000,10.0000,D43640,QQ240816_10,LONG,,,
Buy,AAAA,2024-08-16 10:00:00:000,725.98,400,10.0000,D79135,QQ240816_11,LONG,,,
Sell,ZZZZ,2024-08-16 12:00:00:000,373.5,2000,10.9000,D44374,QQ240816_12,LONG,,,
Sell,ZZZZ,2024-08-16 13:00:00:000,376.53,2000,10.9000,D72406,QQ240816_13,LONG,,,
Sell,ZZZZ,2024-08-16 14:00:00:000,376.28,4000,11.7800,D80869,QQ240816_14,LONG,,,
Sell,AAAA,2024-08-16 14:00:00:000,734.0,400,10.3200,D79647,QQ240816_15,LONG,,,
Sell,TTTT,2024-08-16 14:00:00:000,912.80,400,10.4000,D50002,QQ240816_16,LONG,,,
Sell,TTTT,2024-08-16 14:00:00:000,912.55,400,10.4000,D92937,QQ240816_17,LONG,,,
Buy,AAAA,2024-08-17 09:00:00:000,731.98,400,10.0000,D94219,QQ240817_02,LONG,,,
Buy,YYYY,2024-08-17 09:00:00:000,561.48,800,10.0000,D23202,QQ240817_03,LONG,,,
Buy,TTTT,2024-08-17 10:00:00:000,906.33,400,10.0000,D57268,QQ240817_04,LONG,,,
Sell,YYYY,2024-08-17 10:00:00:000,561.98,800,10.5000,D23628,QQ240817_05,LONG,,,
Buy,ZZZZ,2024-08-17 10:00:00:000,374.890,800,10.0000,D85997,QQ240817_06,LONG,,,
Sell,ZZZZ,2024-08-17 10:00:00:000,376.43,800,10.3600,D86280,QQ240817_07,LONG,,,
Buy,ZZZZ,2024-08-17 10:00:00:000,376.13,800,10.0000,D95375,QQ240817_08,LONG,,,
Sell,ZZZZ,2024-08-17 10:00:00:000,376.68,800,10.3600,D96749,QQ240817_09,LONG,,,
Buy,ZZZZ,2024-08-17 10:00:00:000,377.3,2000,10.0000,D01344,QQ240817_10,LONG,,,
Sell,ZZZZ,2024-08-17 10:00:00:000,377.2520,2000,10.9000,D03502,QQ240817_11,LONG,,,
Sell,TTTT,2024-08-17 10:00:00:000,908.33,400,10.4000,D58963,QQ240817_12,LONG,,,
Sell,AAAA,2024-08-17 10:00:00:000,733.0,400,10.3200,D95528,QQ240817_13,LONG,,,
Buy,TTTT,2024-08-17 11:00:00:000,904.57163,800,10.0000,D31988,QQ240817_14,LONG,,,
Buy,YYYY,2024-08-17 11:00:00:000,557.73,400,10.0000,D28231,QQ240817_15,LONG,,,
Buy,YYYY,2024-08-17 11:00:00:000,558.88,1600,10.0000,D41293,QQ240817_16,LONG,,,
Buy,ZYXW,2024-08-18 09:00:00:000,6866.70,20,10.0000,D74801,QQ240818_06,LONG,,,
Buy,ZZZZ,2024-08-18 09:00:00:000,374.10,800,10.0000,D82699,QQ240818_07,LONG,,,
Sell,ZZZZ,2024-08-18 09:00:00:000,374.60,800,10.3600,D84161,QQ240818_08,LONG,,,
Buy,ZZZZ,2024-08-18 09:00:00:000,375,800,10.0000,D89476,QQ240818_09,LONG,,,
Buy,ZZZZ,2024-08-18 10:00:00:000,373.0,1200,10.0000,D80111,QQ240818_10,LONG,,,
Sell,SSSS,2024-08-19 10:00:00:000,1347.3,400,10.5800,D40717,QQ240819_01,LONG,,,
Sell,SSSS,2024-08-19 10:00:00:000,1347.98,400,10.5800,D54631,QQ240819_02,LONG,,,
Buy,YYYY,2024-08-19 10:00:00:000,537.60,800,10.0000,D66243,QQ240819_03,LONG,,,
Sell,ZYXW,2024-08-24 10:00:00:000,7136.63,8,10.0600,D50542,QQ240824_01,LONG,,,
Buy,AAAA,2024-08-25 09:00:00:000,754.58,400,10.0000,D16397,QQ240825_01,LONG,,,
Buy,ZZZZ,2024-08-25 10:00:00:000,373.18,400,10.0000,D37311,QQ240825_02,LONG,,,
Buy,ZZZZ,2024-09-16 09:00:00:000,371.33,800,10.0000,D58729,QQ240916_01,LONG,,,
Buy,MMMM,2024-09-16 09:00:00:000,361.5953,800,10.0000,D11324,QQ240916_02,LONG,,,
Sell,MMMM,2024-09-16 15:00:00:000,362.95,800,10.3400,D14255,QQ240916_03,LONG,,,
Sell,AAAA,2024-09-16 15:00:00:000,762.38,200,10.1800,D56597,QQ240916_04,LONG,,,
Buy,YYYY,2024-09-16 15:00:00:000,534.38,1200,10.0000,D60375,QQ240916_05,LONG,,,
Buy,AAAA,2024-09-17 09:00:00:000,757.35,400,10.0000,D43112,QQ240917_04,LONG,,,
Buy,ZYXW,2024-09-17 09:00:00:000,7184.23,8,10.0000,D47824,QQ240917_05,LONG,,,
Buy,SSSS,2024-09-17 11:00:00:000,1460.98,80,10.0000,D22554,QQ240917_06,LONG,,,
Buy,SSSS,2024-09-17 11:00:00:000,1460.93,80,10.0000,D22569,QQ240917_07,LONG,,,
Sell,UUUU,2024-09-17 15:00:00:000,1901.3,400,10.8000,D79437,QQ240917_08,LONG,,,
Sell,SSSS,2024-09-17 15:00:00:000,1470.33,160,10.2400,D84432,QQ240917_09,LONG,,,
Buy,XXXX,2024-09-20 09:00:00:000,8502.3,40,10.0000,D91520,QQ240920_02,LONG,,,
Buy,MMMM,2024-09-21 09:00:00:000,357.68,400,10.0000,D26738,QQ240921_01,LONG,,,
Sell,MMMM,2024-09-21 09:00:00:000,359.88,400,10.1800,D27249,QQ240921_02,LONG,,,
Buy,YYYY,2024-09-21 09:00:00:000,525.8,400,10.0000,D47818,QQ240921_03,LONG,,,
Buy,UUUU,2024-09-21 11:00:00:000,1842.48,400,10.0000,D64543,QQ240921_04,LONG,,,
Sell,UUUU,2024-09-21 11:00:00:000,1848.70,400,10.7800,D64807,QQ240921_05,LONG,,,
Buy,UUUU,2024-09-21 11:00:00:000,1849.90,400,10.0000,D67722,QQ240921_06,LONG,,,
Sell,UUUU,2024-09-21 11:00:00:000,1850.13,400,10.7800,D68072,QQ240921_07,LONG,,,
Sell,UUUU,2024-09-21 11:00:00:000,1854.98,400,10.7800,D89417,QQ240921_08,LONG,,,
Buy,MMMM,2024-09-21 11:00:00:000,358.83,400,10.0000,D84073,QQ240921_09,LONG,,,
Buy,TTTT,2024-09-22 09:00:00:000,872.60,200,10.0000,D33135,QQ240922_03,LONG,,,
Buy,UUUU,2024-09-22 09:00:00:000,1851.70,200,10.0000,D63624,QQ240922_04,LONG,,,
Sell,UUUU,2024-09-22 10:00:00:000,1868.13,200,10.4200,D64404,QQ240922_05,LONG,,,
Buy,UUUU,2024-09-22 11:00:00:000,1868.0,400,10.0000,D71466,QQ240922_06,LONG,,,
Sell,UUUU,2024-09-22 11:00:00:000,1870.58,400,10.8000,D71583,QQ240922_07,LONG,,,
Buy,UUUU,2024-09-22 11:00:00:000,1873.40,400,10.0000,D81482,QQ240922_08,LONG,,,
Sell,UUUU,2024-09-22 12:00:00:000,1874.65,400,10.8000,D93231,QQ240922_09,LONG,,,
Buy,UUUU,2024-09-22 14:00:00:000,1869.83,400,10.0000,D16069,QQ240922_10,LONG,,,
Sell,UUUU,2024-09-22 15:00:00:000,1877.65,400,10.8000,D16336,QQ240922_11,LONG,,,
Buy,UUUU,2024-09-23 09:00:00:000,1893.68,400,10.0000,D33611,QQ240923_02,LONG,,,
Buy,AAAA,2024-09-23 09:00:00:000,744.90,800,10.0000,D50539,QQ240923_03,LONG,,,
Sell,YYYY,2024-09-23 10:00:00:000,549.5,2000,11.2600,D37713,QQ240923_04,LONG,,,
Sell,YYYY,2024-09-23 10:00:00:000,549.63,2400,11.5000,D41373,QQ240923_05,LONG,,,
Buy,YYYY,2024-09-23 10:00:00:000,550.95,1600,10.0000,D54115,QQ240923_06,LONG,,,
Sell,YYYY,2024-09-23 10:00:00:000,551.13,1600,11.0000,D58969,QQ240923_07,LONG,,,
Sell,AAAA,2024-09-23 10:00:00:000,751.68,1400,11.1600,D51161,QQ240923_08,LONG,,,
Buy,YYYY,2024-09-23 11:00:00:000,553.53,1600,10.0000,D90890,QQ240923_09,LONG,,,
Sell,YYYY,2024-09-23 12:00:00:000,553.65013,1600,11.0200,D91072,QQ240923_10,LONG,,,
Buy,UUUU,2024-09-24 09:00:00:000,1866.3,400,10.0000,D26164,QQ240924_03,LONG,,,
Buy,SSSS,2024-09-24 09:00:00:000,1475.15,400,10.0000,D42553,QQ240924_04,LONG,,,
Buy,TTTT,2024-09-24 09:00:00:000,863.0,400,10.0000,D52454,QQ240924_05,LONG,,,
Sell,UUUU,2024-09-24 10:00:00:000,1905.5,400,10.8000,D26287,QQ240924_06,LONG,,,
Sell,ZYXW,2024-09-24 11:00:00:000,7120.40,20,10.1600,D60559,QQ240924_07,LONG,,,
Sell,UUUU,2024-09-24 14:00:00:000,1916.85,800,11.6200,D44554,QQ240924_08,LONG,,,
Sell,UUUU,2024-09-24 15:00:00:000,1922.15,800,11.6200,D94254,QQ240924_09,LONG,,,
Buy,UUUU,2024-09-24 15:00:00:000,1925.28,1200,10.0000,D91997,QQ240924_10,LONG,,,
Sell,UUUU,2024-09-24 15:00:00:000,1929.45,1200,12.4600,D01489,QQ240924_11,LONG,,,
Buy,UUUU,2024-09-27 09:00:00:000,1933.2638,400,10.0000,D16059,QQ240927_04,LONG,,,
Sell,UUUU,2024-09-27 09:00:00:000,1943.35,400,10.8200,D16660,QQ240927_05,LONG,,,
Buy,UUUU,2024-09-27 09:00:00:000,1937.13,400,10.0000,D37766,QQ240927_06,LONG,,,
Buy,AAAA,2024-09-27 09:00:00:000,735.08,800,10.0000,D45288,QQ240927_07,LONG,,,
Buy,ZYXW,2024-09-27 10:00:00:000,7047.20,40,10.0000,D66356,QQ240927_08,LONG,,,
Buy,UUUU,2024-09-27 10:00:00:000,1926.13,400,10.0000,D93558,QQ240927_09,LONG,,,
Sell,UUUU,2024-09-27 10:00:00:000,1948.3,800,11.6400,D38938,QQ240927_10,LONG,,,
Buy,AAAA,2024-09-27 11:00:00:000,733.90,1200,10.0000,D87851,QQ240927_11,LONG,,,
Buy,UUUU,2024-09-27 13:00:00:000,1979.95,200,10.0000,D43819,QQ240927_12,LONG,,,
Sell,UUUU,2024-09-27 14:00:00:000,1993.43,200,10.4400,D60101,QQ240927_13,LONG,,,
Buy,UUUU,2024-09-27 15:00:00:000,1990.18,200,10.0000,D73590,QQ240927_14,LONG,,,
Sell,SSSS,2024-09-28 09:00:00:000,1495.70,400,10.6400,D15999,QQ240928_03,LONG,,,
Buy,SSSS,2024-09-28 09:00:00:000,1497.60,400,10.0000,D38881,QQ240928_04,LONG,,,
Buy,SSSS,2024-09-28 09:00:00:000,1486.8,400,10.0000,D41965,QQ240928_05,LONG,,,
Buy,UUUU,2024-09-28 09:00:00:000,1970.23,400,10.0000,D56874,QQ240928_06,LONG,,,
Buy,XXXX,2024-09-28 10:00:00:000,8332.323,40,10.0000,D86799,QQ240928_07,LONG,,,
Buy,UUUU,2024-09-28 10:00:00:000,1945.68,400,10.0000,D96626,QQ240928_08,LONG,,,
Buy,ZYXW,2024-09-28 10:00:00:000,6852.83,40,10.0000,D06321,QQ240928_09,LONG,,,
Buy,YYYY,2024-09-28 10:00:00:000,550.13,800,10.0000,D24715,QQ240928_10,LONG,,,
Buy,TTTT,2024-09-28 10:00:00:000,856.03,800,10.0000,D29067,QQ240928_11,LONG,,,
Buy,MMMM,2024-09-28 13:00:00:000,350.10,400,10.0000,D46854,QQ240928_12,LONG,,,
Sell,YYYY,2024-09-29 09:00:00:000,566.13,800,10.5200,D78846,QQ240929_05,LONG,,,
Sell,SSSS,2024-09-29 09:00:00:000,1506.33,400,10.6400,D85773,QQ240929_06,LONG,,,
Sell,SSSS,2024-09-29 09:00:00:000,1512.9048,400,10.6400,D35525,QQ240929_07,LONG,,,
Buy,UUUU,2024-09-29 11:00:00:000,1949.95,400,10.0000,D53107,QQ240929_08,LONG,,,
Buy,UUUU,2024-09-29 13:00:00:000,1930.05,80,10.0000,D44065,QQ240929_09,LONG,,,
Buy,YYYY,2024-09-30 09:00:00:000,558.60,800,10.0000,D34790,QQ240930_04,LONG,,,
Sell,YYYY,2024-09-30 09:00:00:000,559.10,800,10.5000,D42107,QQ240930_05,LONG,,,
Buy,ZZZZ,2024-09-30 10:00:00:000,358.38,800,10.0000,D76235,QQ240930_06,LONG,,,
Buy,YYYY,2024-09-30 10:00:00:000,556.3,800,10.0000,D90054,QQ240930_07,LONG,,,
Sell,YYYY,2024-09-30 11:00:00:000,557.90,800,10.5000,D90752,QQ240930_08,LONG,,,
Buy,YYYY,2024-09-30 11:00:00:000,554.5,800,10.0000,D79023,QQ240930_09,LONG,,,
Sell,UUUU,2024-09-30 14:00:00:000,1966.58,200,10.4400,D13828,QQ240930_10,LONG,,,
Sell,YYYY,2024-10-01 09:00:00:000,560,800,10.5000,D63587,QQ241001_01,LONG,,,
Buy,XXXX,2024-10-01 09:00:00:000,8222.23,80,10.0000,D81300,QQ241001_02,LONG,,,
Buy,SSSS,2024-10-04 09:00:00:000,1513.90,400,10.0000,D17544,QQ241004_02,LONG,,,
Sell,UUUU,2024-10-04 09:00:00:000,2000.48,1280,12.7000,D76723,QQ241004_03,LONG,,,
Buy,UUUU,2024-10-04 10:00:00:000,1994.73,400,10.0000,D70078,QQ241004_04,LONG,,,
Buy,XXXX,2024-10-04 10:00:00:000,7966.45,40,10.0000,D14839,QQ241004_05,LONG,,,
Sell,SSSS,2024-10-05 09:00:00:000,1536.53,400,10.6600,D10790,QQ241005_02,LONG,,,
Buy,YYYY,2024-10-06 09:00:00:000,553.90,800,10.0000,D21969,QQ241006_02,LONG,,,
Sell,YYYY,2024-10-06 09:00:00:000,554.23,800,10.5000,D22132,QQ241006_03,LONG,,,
Buy,YYYY,2024-10-06 09:00:00:000,549.18,800,10.0000,D47099,QQ241006_04,LONG,,,
Sell,YYYY,2024-10-06 10:00:00:000,550,800,10.5000,D48351,QQ241006_05,LONG,,,
Buy,YYYY,2024-10-06 10:00:00:000,549.43,800,10.0000,D84455,QQ241006_06,LONG,,,
Sell,YYYY,2024-10-06 10:00:00:000,551.93,800,10.5000,D88032,QQ241006_07,LONG,,,
Buy,YYYY,2024-10-06 10:00:00:000,550.90,800,10.0000,D97748,QQ241006_08,LONG,,,
Sell,YYYY,2024-10-06 10:00:00:000,552.83,800,10.5000,D21240,QQ241006_09,LONG,,,
Buy,YYYY,2024-10-06 11:00:00:000,551.03,800,10.0000,D33076,QQ241006_10,LONG,,,
Sell,YYYY,2024-10-06 11:00:00:000,554.95,800,10.5000,D57817,QQ241006_11,LONG,,,
Sell,AAAA,2024-10-07 10:00:00:000,739.48,1200,11.0000,D06917,QQ241007_04,LONG,,,
Buy,SSSS,2024-10-07 10:00:00:000,1592.63,400,10.0000,D38654,QQ241007_05,LONG,,,
Sell,SSSS,2024-10-07 11:00:00:000,1593.78,400,10.6800,D38755,QQ241007_06,LONG,,,
Sell,UUUU,2024-10-07 14:00:00:000,1999.53,400,10.8400,D10914,QQ241007_07,LONG,,,
Buy,UUUU,2024-10-08 09:00:00:000,1969.0,400,10.0000,D18162,QQ241008_02,LONG,,,
Buy,UUUU,2024-10-08 10:00:00:000,1960.18,400,10.0000,D04107,QQ241008_03,LONG,,,
Buy,AAAA,2024-10-08 10:00:00:000,738.28,800,10.0000,D99662,QQ241008_04,LONG,,,
Sell,UUUU,2024-10-11 09:00:00:000,1995.18,400,10.8400,D69432,QQ241011_01,LONG,,,
Sell,AAAA,2024-10-11 09:00:00:000,740.5,800,10.6600,D70929,QQ241011_02,LONG,,,
Sell,UUUU,2024-10-11 09:00:00:000,1993.53,400,10.8400,D01451,QQ241011_03,LONG,,,
Sell,AAAA,2024-10-11 10:00:00:000,741.70,800,10.6600,D02973,QQ241011_04,LONG,,,
Buy,UUUU,2024-10-11 10:00:00:000,1991.73,400,10.0000,D33757,QQ241011_05,LONG,,,
Buy,UUUU,2024-10-11 11:00:00:000,1980.4128,400,10.0000,D85825,QQ241011_06,LONG,,,
Buy,YYYY,2024-10-12 09:00:00:000,565.03,400,10.0000,D21077,QQ241012_03,LONG,,,
Buy,SSSS,2024-10-12 09:00:00:000,1582.8,200,10.0000,D37910,QQ241012_04,LONG,,,
Sell,UUUU,2024-10-12 09:00:00:000,2022.9458,400,10.8600,D20752,QQ241012_05,LONG,,,
Sell,UUUU,2024-10-12 10:00:00:000,2021.28,400,10.8600,D67526,QQ241012_06,LONG,,,
Sell,YYYY,2024-10-12 10:00:00:000,570.45,400,10.2600,D25763,QQ241012_07,LONG,,,
Buy,UUUU,2024-10-12 10:00:00:000,2009.80,400,10.0000,D67798,QQ241012_08,LONG,,,
Sell,UUUU,2024-10-12 10:00:00:000,2010.5,400,10.8600,D00771,QQ241012_09,LONG,,,
Buy,AAAA,2024-10-12 10:00:00:000,734.15,800,10.0000,D28831,QQ241012_10,LONG,,,
Buy,ZYXW,2024-10-12 10:00:00:000,6846.20,80,10.0000,D33238,QQ241012_11,LONG,,,
Buy,SSSS,2024-10-12 10:00:00:000,1567.28,400,10.0000,D44921,QQ241012_12,LONG,,,
Buy,YYYY,2024-10-13 09:00:00:000,558.85,800,10.0000,D01808,QQ241013_02,LONG,,,
Sell,AAAA,2024-10-13 09:00:00:000,741.98,800,10.6600,D95302,QQ241013_03,LONG,,,
Buy,YYYY,2024-10-13 09:00:00:000,557.58,400,10.0000,D30687,QQ241013_04,LONG,,,
Buy,AAAA,2024-10-13 09:00:00:000,738.18,800,10.0000,D43733,QQ241013_05,LONG,,,
Buy,YYYY,2024-10-13 10:00:00:000,549.3,800,10.0000,D70123,QQ241013_06,LONG,,,
Sell,AAAA,2024-10-13 15:00:00:000,742.18,800,10.6600,D46152,QQ241013_07,LONG,,,
Buy,YYYY,2024-10-14 09:00:00:000,546.05,800,10.0000,D42581,QQ241014_02,LONG,,,
Sell,SSSS,2024-10-14 10:00:00:000,1586.53,600,11.0200,D08166,QQ241014_03,LONG,,,
Sell,ZYXW,2024-10-14 10:00:00:000,7049.5,80,10.5800,D08891,QQ241014_04,LONG,,,
Buy,SSSS,2024-10-15 14:00:00:000,1575,400,10.0000,D39433,QQ241015_02,LONG,,,
Buy,SSSS,2024-10-18 09:00:00:000,1558.73,400,10.0000,D09694,QQ241018_01,LONG,,,
Buy,YYYY,2024-10-18 09:00:00:000,536.78,400,10.0000,D29959,QQ241018_02,LONG,,,
Buy,UUUU,2024-10-19 10:00:00:000,2161.8,200,10.0000,D14467,QQ241019_02,LONG,,,
Sell,UUUU,2024-10-19 10:00:00:000,2164.20,200,10.4800,D14571,QQ241019_03,LONG,,,
Sell,MMMM,2024-10-20 09:00:00:000,363.60,800,10.3400,D08446,QQ241020_02,LONG,,,
Sell,ZZZZ,2024-10-20 09:00:00:000,373.43,400,10.1800,D23675,QQ241020_03,LONG,,,
Buy,XXXX,2024-10-20 10:00:00:000,8580.65,80,10.0000,D64854,QQ241020_04,LONG,,,
Buy,AAAA,2024-10-20 11:00:00:000,768.18,200,10.0000,D47400,QQ241020_05,LONG,,,
Sell,AAAA,2024-10-21 10:00:00:000,770.85,200,10.1800,D65893,QQ241021_01,LONG,,,
Buy,MMMM,2024-10-21 10:00:00:000,364.83,800,10.0000,D81619,QQ241021_02,LONG,,,
Sell,MMMM,2024-10-21 13:00:00:000,366.93,800,10.3400,D82317,QQ241021_03,LONG,,,
Sell,SSSS,2024-10-21 14:00:00:000,1632.13,400,10.7000,D81055,QQ241021_04,LONG,,,
Sell,SSSS,2024-10-22 09:00:00:000,1649.40,400,10.7000,D74503,QQ241022_01,LONG,,,
Buy,ZYXW,2024-10-22 09:00:00:000,6939.40,80,10.0000,D14842,QQ241022_02,LONG,,,
Buy,AAAA,2024-10-22 09:00:00:000,772.30,400,10.0000,D18970,QQ241022_03,LONG,,,
Sell,AAAA,2024-10-22 10:00:00:000,775.28,400,10.3400,D19185,QQ241022_04,LONG,,,
Buy,AAAA,2024-10-22 10:00:00:000,774.05,800,10.0000,D51455,QQ241022_05,LONG,,,
Buy,SSSS,2024-10-22 11:00:00:000,1637.13,400,10.0000,D24336,QQ241022_06,LONG,,,
Sell,SSSS,2024-10-22 12:00:00:000,1652.18,400,10.7000,D24469,QQ241022_07,LONG,,,
Sell,AAAA,2024-10-22 12:00:00:000,774.5,800,10.6800,D64771,QQ241022_08,LONG,,,
Buy,XXXX,2024-10-25 09:00:00:000,8314.73,40,10.0000,D96222,QQ241025_01,LONG,,,
Buy,AAAA,2024-10-25 09:00:00:000,768.30,400,10.0000,D03384,QQ241025_02,LONG,,,
Buy,UUUU,2024-10-25 09:00:00:000,2381.63,200,10.0000,D10495,QQ241025_03,LONG,,,
Sell,UUUU,2024-10-25 09:00:00:000,2385.30,200,10.5200,D11626,QQ241025_04,LONG,,,
Buy,UUUU,2024-10-25 09:00:00:000,2373.6408,200,10.0000,D25515,QQ241025_05,LONG,,,
Sell,UUUU,2024-10-25 09:00:00:000,2379.65,200,10.5200,D29410,QQ241025_06,LONG,,,
Buy,UUUU,2024-10-25 10:00:00:000,2378.55,200,10.0000,D59930,QQ241025_07,LONG,,,
Sell,UUUU,2024-10-25 10:00:00:000,2396.73,200,10.5200,D62048,QQ241025_08,LONG,,,
Buy,UUUU,2024-10-25 10:00:00:000,2399.08,200,10.0000,D67480,QQ241025_09,LONG,,,
Sell,UUUU,2024-10-25 10:00:00:000,2402.60,200,10.5200,D70549,QQ241025_10,LONG,,,
Buy,UUUU,2024-10-25 10:00:00:000,2408.965,200,10.0000,D73735,QQ241025_11,LONG,,,
Sell,UUUU,2024-10-25 10:00:00:000,2424.90,200,10.5200,D76531,QQ241025_12,LONG,,,
Buy,AAAA,2024-10-26 09:00:00:000,774.60,400,10.0000,D37399,QQ241026_02,LONG,,,
Buy,ZZZZ,2024-10-26 09:00:00:000,374.15,400,10.0000,D56057,QQ241026_03,LONG,,,
Sell,AAAA,2024-10-26 11:00:00:000,778.95,800,10.6800,D38345,QQ241026_04,LONG,,,
Buy,AAAA,2024-10-26 11:00:00:000,780.20,800,10.0000,D65578,QQ241026_05,LONG,,,
Sell,AAAA,2024-10-26 11:00:00:000,780.9340,800,10.6800,D65929,QQ241026_06,LONG,,,
Buy,UUUU,2024-10-26 12:00:00:000,2526.28,200,10.0000,D45135,QQ241026_07,LONG,,,
Sell,UUUU,2024-10-26 12:00:00:000,2532.58,200,10.5400,D45576,QQ241026_08,LONG,,,
Buy,UUUU,2024-10-26 12:00:00:000,2537.38,200,10.0000,D47554,QQ241026_09,LONG,,,
Sell,UUUU,2024-10-26 13:00:00:000,2555.95,200,10.5600,D49303,QQ241026_10,LONG,,,
Buy,AAAA,2024-10-26 13:00:00:000,774.38,800,10.0000,D67541,QQ241026_11,LONG,,,
Buy,UUUU,2024-10-26 13:00:00:000,2546.10,200,10.0000,D54694,QQ241026_12,LONG,,,
Sell,UUUU,2024-10-26 13:00:00:000,2540.55,200,10.5400,D85149,QQ241026_13,LONG,,,
Buy,UUUU,2024-10-26 13:00:00:000,2544.20,200,10.0000,D89977,QQ241026_14,LONG,,,
Sell,UUUU,2024-10-26 14:00:00:000,2546.3590,200,10.5400,D90758,QQ241026_15,LONG,,,
Sell,AAAA,2024-10-26 16:00:00:000,780.3,400,10.3400,D68754,QQ241026_16,LONG,,,
Sell,AAAA,2024-10-26 16:00:00:000,783.03,400,10.3400,D70466,QQ241026_17,LONG,,,
Buy,UUUU,2024-10-27 10:00:00:000,2626.60,200,10.0000,D25298,QQ241027_02,LONG,,,
Sell,UUUU,2024-10-27 10:00:00:000,2628.58,200,10.5600,D36102,QQ241027_03,LONG,,,
Buy,UUUU,2024-10-27 10:00:00:000,2636.38,200,10.0000,D63302,QQ241027_04,LONG,,,
Sell,UUUU,2024-10-27 10:00:00:000,2641.20,200,10.5600,D63937,QQ241027_05,LONG,,,
Sell,ZYXW,2024-10-27 10:00:00:000,7234.45,160,11.2000,D46146,QQ241027_06,LONG,,,
Buy,UUUU,2024-10-27 11:00:00:000,2634.373,200,10.0000,D06045,QQ241027_07,LONG,,,
Sell,UUUU,2024-10-27 11:00:00:000,2641.30,200,10.5600,D30501,QQ241027_08,LONG,,,
Buy,UUUU,2024-10-27 11:00:00:000,2635.15,200,10.0000,D33705,QQ241027_09,LONG,,,
Buy,UUUU,2024-10-27 12:00:00:000,2624.408,200,10.0000,D64191,QQ241027_10,LONG,,,
Sell,UUUU,2024-10-28 09:00:00:000,2686.3645,200,10.5800,D76451,QQ241028_03,LONG,,,
Sell,UUUU,2024-10-28 09:00:00:000,2697.48,200,10.5800,D79714,QQ241028_04,LONG,,,
Buy,UUUU,2024-10-28 09:00:00:000,2670.13,200,10.0000,D84523,QQ241028_05,LONG,,,
Sell,UUUU,2024-10-28 09:00:00:000,2673.13,200,10.5800,D89220,QQ241028_06,LONG,,,
Buy,XXXX,2024-10-28 16:00:00:000,8383.18,40,10.0000,D41880,QQ241028_07,LONG,,,
Sell,YYYY,2024-11-03 10:00:00:000,530.1770,400,10.2400,D24457,QQ241103_02,LONG,,,
Buy,UUUU,2024-11-03 11:00:00:000,2938.10,200,10.0000,D20181,QQ241103_03,LONG,,,
Buy,UUUU,2024-11-03 11:00:00:000,2916.03,200,10.0000,D32106,QQ241103_04,LONG,,,
Sell,UUUU,2024-11-03 12:00:00:000,2943.118,400,11.2400,D20325,QQ241103_05,LONG,,,
Buy,SSSS,2024-11-04 12:00:00:000,1670.30,200,10.0000,D77405,QQ241104_01,LONG,,,
Buy,UUUU,2024-11-05 09:00:00:000,3071.20,80,10.0000,D21898,QQ241105_02,LONG,,,
Sell,UUUU,2024-11-05 10:00:00:000,3091.0503,80,10.2600,D25018,QQ241105_03,LONG,,,
Buy,UUUU,2024-11-09 09:00:00:000,2872.10,200,10.0000,D87944,QQ241109_04,LONG,,,
Sell,UUUU,2024-11-09 09:00:00:000,2874.55,200,10.6200,D02330,QQ241109_05,LONG,,,
Buy,UUUU,2024-11-09 09:00:00:000,2784.85,200,10.0000,D17331,QQ241109_06,LONG,,,
Sell,UUUU,2024-11-09 09:00:00:000,2788.23,200,10.6000,D28032,QQ241109_07,LONG,,,
Buy,UUUU,2024-11-09 10:00:00:000,2660.78,200,10.0000,D40944,QQ241109_08,LONG,,,
Sell,UUUU,2024-11-09 10:00:00:000,2710.05,200,10.5800,D52524,QQ241109_09,LONG,,,
Buy,UUUU,2024-11-09 10:00:00:000,2726.98,200,10.0000,D58960,QQ241109_10,LONG,,,
Sell,UUUU,2024-11-09 10:00:00:000,2736.35,200,10.5800,D60196,QQ241109_11,LONG,,,
Buy,UUUU,2024-11-09 10:00:00:000,2730.88,200,10.0000,D65741,QQ241109_12,LONG,,,
Sell,UUUU,2024-11-09 10:00:00:000,2740.43,200,10.5800,D10573,QQ241109_13,LONG,,,
Buy,UUUU,2024-11-09 10:00:00:000,2729.88,200,10.0000,D12247,QQ241109_14,LONG,,,
Buy,AAAA,2024-11-09 11:00:00:000,841.28,400,10.0000,D47138,QQ241109_15,LONG,,,
Buy,UUUU,2024-11-09 11:00:00:000,2658.90,200,10.0000,D63800,QQ241109_16,LONG,,,
Sell,YYYY,2024-11-10 11:00:00:000,562.80,400,10.2600,D17762,QQ241110_03,LONG,,,
Sell,SSSS,2024-11-12 11:00:00:000,1674.90,200,10.3800,D45297,QQ241112_01,LONG,,,
Sell,AAAA,2024-11-12 11:00:00:000,842.20,400,10.3800,D24921,QQ241112_02,LONG,,,
Sell,YYYY,2024-11-15 11:00:00:000,579.3,800,10.5200,D15041,QQ241115_03,LONG,,,
Buy,YYYY,2024-11-15 12:00:00:000,579.10,800,10.0000,D76058,QQ241115_04,LONG,,,
Sell,YYYY,2024-11-15 12:00:00:000,582.55,800,10.5200,D76526,QQ241115_05,LONG,,,
Buy,YYYY,2024-11-15 12:00:00:000,582.33,800,10.0000,D82633,QQ241115_06,LONG,,,
Sell,YYYY,2024-11-15 15:00:00:000,583.33,800,10.5200,D86306,QQ241115_07,LONG,,,
Buy,YYYY,2024-11-16 09:00:00:000,574.03,400,10.0000,D85939,QQ241116_02,LONG,,,
Buy,XXXX,2024-11-16 10:00:00:000,8832.05,40,10.0000,D83723,QQ241116_03,LONG,,,
Sell,ZZZZ,2024-11-16 11:00:00:000,377.95,800,10.3600,D37625,QQ241116_04,LONG,,,
Sell,ZZZZ,2024-11-17 10:00:00:000,381.53,1200,10.5600,D40630,QQ241117_02,LONG,,,
Sell,UUUU,2024-11-17 10:00:00:000,2733.73,200,10.5800,D57108,QQ241117_03,LONG,,,
Sell,UUUU,2024-11-17 10:00:00:000,2734.88,200,10.5800,D72120,QQ241117_04,LONG,,,
Sell,ZZZZ,2024-11-17 11:00:00:000,383.32513,1600,10.7400,D94420,QQ241117_05,LONG,,,
Sell,ZZZZ,2024-11-17 11:00:00:000,385.38,400,10.1800,D21606,QQ241117_06,LONG,,,
Sell,XXXX,2024-11-17 12:00:00:000,8964.53,80,10.7400,D60654,QQ241117_07,LONG,,,
Buy,YYYY,2024-11-18 10:00:00:000,564.03,800,10.0000,D46999,QQ241118_03,LONG,,,
Sell,XXXX,2024-11-18 10:00:00:000,9051.0980,200,11.8800,D52742,QQ241118_04,LONG,,,
Sell,YYYY,2024-11-18 11:00:00:000,570.63,800,10.5200,D47776,QQ241118_05,LONG,,,
Buy,YYYY,2024-11-18 11:00:00:000,570.35,800,10.0000,D26807,QQ241118_06,LONG,,,
Sell,XXXX,2024-11-18 11:00:00:000,9174.848,80,10.7600,D06520,QQ241118_07,LONG,,,
Buy,XXXX,2024-11-18 12:00:00:000,9159.53,80,10.0000,D98386,QQ241118_08,LONG,,,
Sell,XXXX,2024-11-18 13:00:00:000,9174.98,80,10.7600,D98797,QQ241118_09,LONG,,,
Buy,UUUU,2024-11-18 13:00:00:000,2709.35,80,10.0000,D20320,QQ241118_10,LONG,,,
Sell,UUUU,2024-11-18 15:00:00:000,2743.90,80,10.2400,D20488,QQ241118_11,LONG,,,
Sell,XXXX,2024-11-18 15:00:00:000,9254.38,80,10.7600,D84478,QQ241118_12,LONG,,,
Buy,CCC,2024-11-19 09:00:00:000,276.85,400,10.0000,D10978,QQ241119_03,LONG,,,
Buy,YYYY,2024-11-19 10:00:00:000,542.0,800,10.0000,D87239,QQ241119_04,LONG,,,
Sell,XXXX,2024-11-19 11:00:00:000,9389.85,40,10.4000,D78374,QQ241119_05,LONG,,,
Sell,TTTT,2024-11-19 11:00:00:000,879.0,400,10.3800,D30395,QQ241119_06,LONG,,,
Buy,XXXX,2024-11-19 15:00:00:000,9206.53,40,10.0000,D30176,QQ241119_07,LONG,,,
Sell,TTTT,2024-11-22 10:00:00:000,880.68,600,10.5800,D78040,QQ241122_05,LONG,,,
Buy,XXXX,2024-11-22 10:00:00:000,9060.83,40,10.0000,D67634,QQ241122_06,LONG,,,
Buy,TTTT,2024-11-22 10:00:00:000,870.85,400,10.0000,D86859,QQ241122_07,LONG,,,
Buy,SSSS,2024-11-22 11:00:00:000,1665.38,80,10.0000,D22376,QQ241122_08,LONG,,,
Buy,ZZZZ,2024-11-22 15:00:00:000,403.15,400,10.0000,D10818,QQ241122_09,LONG,,,
Buy,ZYXW,2024-11-23 10:00:00:000,7282.18,40,10.0000,D91635,QQ241123_02,LONG,,,
Sell,ZYXW,2024-11-23 10:00:00:000,7301.93,40,10.3000,D92441,QQ241123_03,LONG,,,
Sell,CCC,2024-11-23 10:00:00:000,283.90,400,10.1400,D99157,QQ241123_04,LONG,,,
Buy,UUUU,2024-11-23 11:00:00:000,2805.45,80,10.0000,D74389,QQ241123_05,LONG,,,
Sell,UUUU,2024-11-23 11:00:00:000,2830.53,80,10.2400,D74515,QQ241123_06,LONG,,,
Buy,ZZZZ,2024-11-23 11:00:00:000,399.15,400,10.0000,D91517,QQ241123_07,LONG,,,
Buy,UUUU,2024-11-23 12:00:00:000,2808.53,80,10.0000,D93577,QQ241123_08,LONG,,,
Buy,UUUU,2024-11-23 14:00:00:000,2676.13,120,10.0000,D84427,QQ241123_09,LONG,,,
Sell,ZZZZ,2024-11-23 15:00:00:000,403.8,400,10.2000,D94554,QQ241123_10,LONG,,,
Buy,RRR,2024-11-24 09:00:00:000,464.33,200,10.0000,D11913,QQ241124_02,LONG,,,
Buy,AAAA,2024-11-24 09:00:00:000,836.08,400,10.0000,D56932,QQ241124_03,LONG,,,
Sell,AAAA,2024-11-24 09:00:00:000,836.18,400,10.3800,D60025,QQ241124_04,LONG,,,
Buy,AAAA,2024-11-24 10:00:00:000,835.3,400,10.0000,D75629,QQ241124_05,LONG,,,
Sell,AAAA,2024-11-24 10:00:00:000,840.58,400,10.3800,D99613,QQ241124_06,LONG,,,
Buy,AAAA,2024-11-24 10:00:00:000,839.03,80,10.0000,D20289,QQ241124_07,LONG,,,
Sell,AAAA,2024-11-24 11:00:00:000,841.35,80,10.0800,D25703,QQ241124_08,LONG,,,
Sell,ZZZZ,2024-11-24 11:00:00:000,404.4005,400,10.2000,D16448,QQ241124_09,LONG,,,
Sell,UUUU,2024-11-24 13:00:00:000,2817.60,200,10.6000,D64383,QQ241124_10,LONG,,,
Buy,UUUU,2024-11-24 15:00:00:000,2795.85,40,10.0000,D86096,QQ241124_11,LONG,,,
Buy,CCC,2024-11-26 09:00:00:000,275.23,200,10.0000,D21489,QQ241126_02,LONG,,,
Buy,XXXX,2024-11-26 09:00:00:000,8936.68,40,10.0000,D54741,QQ241126_03,LONG,,,
Buy,UUUU,2024-11-26 10:00:00:000,2720.5,40,10.0000,D62804,QQ241126_04,LONG,,,
Buy,RRR,2024-11-26 10:00:00:000,475.13,200,10.0000,D75990,QQ241126_05,LONG,,,
Buy,AAAA,2024-11-26 11:00:00:000,826.33,200,10.0000,D63709,QQ241126_06,LONG,,,
Sell,UUUU,2024-11-29 09:00:00:000,2809.58,80,10.2400,D50480,QQ241129_04,LONG,,,
Sell,AAAA,2024-11-29 09:00:00:000,839.65,200,10.2000,D19190,QQ241129_05,LONG,,,
Buy,RRR,2024-11-29 09:00:00:000,457.93,200,10.0000,D65617,QQ241129_06,LONG,,,
Buy,UUUU,2024-11-29 09:00:00:000,2840.45,80,10.0000,D79818,QQ241129_07,LONG,,,
Sell,UUUU,2024-11-29 09:00:00:000,2843.58,80,10.2400,D80120,QQ241129_08,LONG,,,
Buy,UUUU,2024-11-29 10:00:00:000,2838.6748,80,10.0000,D91907,QQ241129_09,LONG,,,
Sell,CCC,2024-11-29 10:00:00:000,277.45,200,10.0800,D36648,QQ241129_10,LONG,,,
Sell,UUUU,2024-11-29 11:00:00:000,2842.85,80,10.2400,D98698,QQ241129_11,LONG,,,
Buy,UUUU,2024-11-29 13:00:00:000,2829.5748,80,10.0000,D66445,QQ241129_12,LONG,,,
Sell,UUUU,2024-11-29 15:00:00:000,2831.80,80,10.2400,D66576,QQ241129_13,LONG,,,
Buy,TTTT,2024-11-30 09:00:00:000,834.45,80,10.0000,D46562,QQ241130_03,LONG,,,
Sell,SSSS,2024-11-30 09:00:00:000,1685.4988,80,10.1400,D37804,QQ241130_04,LONG,,,
Buy,SSSS,2024-11-30 10:00:00:000,1658.33,80,10.0000,D95119,QQ241130_05,LONG,,,
Buy,UUUU,2024-11-30 10:00:00:000,2866.0,200,10.0000,D96157,QQ241130_06,LONG,,,
Buy,AAAA,2024-11-30 10:00:00:000,832.83,80,10.0000,D01595,QQ241130_07,LONG,,,
Buy,ZYXW,2024-11-30 10:00:00:000,7213.85,20,10.0000,D03226,QQ241130_08,LONG,,,
Buy,XXXX,2024-11-30 11:00:00:000,8794.30,20,10.0000,D17087,QQ241130_09,LONG,,,
Sell,UUUU,2024-12-01 09:00:00:000,2927.10,120,10.3600,D04323,QQ241201_01,LONG,,,
Sell,UUUU,2024-12-01 09:00:00:000,2911.13,80,10.2400,D24877,QQ241201_02,LONG,,,
Buy,UUUU,2024-12-01 10:00:00:000,2887.98,80,10.0000,D58498,QQ241201_03,LONG,,,
Sell,ZYXW,2024-12-01 10:00:00:000,7281.60,20,10.1600,D06430,QQ241201_04,LONG,,,
Sell,UUUU,2024-12-01 10:00:00:000,2889.65,80,10.2400,D98749,QQ241201_05,LONG,,,
Sell,AAAA,2024-12-01 11:00:00:000,842.80,80,10.0800,D12391,QQ241201_06,LONG,,,
Buy,SSSS,2024-12-01 13:00:00:000,1580.3,80,10.0000,D86736,QQ241201_07,LONG,,,
Buy,ZZZZ,2024-12-01 13:00:00:000,421.70,400,10.0000,D90763,QQ241201_08,LONG,,,
Buy,UUUU,2024-12-02 09:00:00:000,2730.05,80,10.0000,D41033,QQ241202_02,LONG,,,
Sell,ZZZZ,2024-12-10 09:00:00:000,439.45,400,10.2000,D42092,QQ241210_02,LONG,,,
Buy,UUUU,2024-12-13 09:00:00:000,2471.95,80,10.0000,D18608,QQ241213_02,LONG,,,
Buy,UUUU,2024-12-13 10:00:00:000,2437.685,200,10.0000,D39690,QQ241213_03,LONG,,,
Buy,ZZZZ,2024-12-13 10:00:00:000,447.08,400,10.0000,D11663,QQ241213_04,LONG,,,
Buy,ZYXW,2024-12-13 10:00:00:000,7345.85,20,10.0000,D78522,QQ241213_05,LONG,,,
Buy,YYYY,2024-12-13 11:00:00:000,492.63,800,10.0000,D58387,QQ241213_06,LONG,,,
Buy,UUUU,2024-12-13 13:00:00:000,2387.38,200,10.0000,D43403,QQ241213_07,LONG,,,
Buy,XXXX,2024-12-14 09:00:00:000,8399.18,40,10.0000,D40732,QQ241214_01,LONG,,,
Buy,AAAA,2024-12-14 09:00:00:000,826.63,400,10.0000,D80043,QQ241214_02,LONG,,,
Buy,ZZZZ,2024-12-14 09:00:00:000,439.83,400,10.0000,D86354,QQ241214_03,LONG,,,
Buy,YYYY,2024-12-15 09:00:00:000,478.78,800,10.0000,D25809,QQ241215_01,LONG,,,
Sell,ZZZZ,2024-12-16 09:00:00:000,452.33,400,10.2200,D92325,QQ241216_01,LONG,,,
Sell,AAAA,2024-12-16 09:00:00:000,837.20,400,10.3800,D98148,QQ241216_02,LONG,,,
Buy,AAAA,2024-12-16 10:00:00:000,828.55,400,10.0000,D27646,QQ241216_03,LONG,,,
Buy,UUUU,2024-12-16 11:00:00:000,2341.9515,200,10.0000,D32409,QQ241216_04,LONG,,,
Buy,CCC,2024-12-17 09:00:00:000,275.73,800,10.0000,D15739,QQ241217_01,LONG,,,
Buy,AAAA,2024-12-20 09:00:00:000,804.03,44,10.0000,D14717,QQ241220_01,LONG,,,
Buy,ZZZZ,2024-12-20 10:00:00:000,422.43,800,10.0000,D51303,QQ241220_02,LONG,,,
Buy,AAAA,2024-12-20 10:00:00:000,799.58,400,10.0000,D79977,QQ241220_03,LONG,,,
Buy,UUUU,2024-12-21 10:00:00:000,2237.65,200,10.0000,D51987,QQ241221_01,LONG,,,
Sell,AAAA,2024-12-21 14:00:00:000,816.3,244,10.2400,D59459,QQ241221_02,LONG,,,
Sell,UUUU,2024-12-22 09:00:00:000,2443.03,200,10.5200,D93133,QQ241222_01,LONG,,,
Sell,UUUU,2024-12-22 11:00:00:000,2511.13,400,11.0600,D20303,QQ241222_02,LONG,,,
Sell,AAAA,2024-12-22 11:00:00:000,827.23,200,10.2000,D30289,QQ241222_03,LONG,,,
Sell,ZZZZ,2024-12-22 15:00:00:000,437.5,400,10.2000,D24452,QQ241222_04,LONG,,,
Sell,AAAA,2024-12-22 15:00:00:000,829.80,400,10.3600,D66808,QQ241222_05,LONG,,,
Sell,CCC,2024-12-22 15:00:00:000,279.45,268,10.1000,D98162,QQ241222_06,LONG,,,
Sell,CCC,2024-12-23 10:00:00:000,281.73,332,10.1200,D04983,QQ241223_01,LONG,,,
Sell,UUUU,2024-12-23 10:00:00:000,2598.0,360,10.9800,D63540,QQ241223_02,LONG,,,
Buy,UUUU,2024-12-23 11:00:00:000,2616.13,400,10.0000,D40078,QQ241223_03,LONG,,,
Sell,UUUU,2024-12-23 11:00:00:000,2617.95,400,11.1000,D43675,QQ241223_04,LONG,,,
Sell,ZYXW,2024-12-23 11:00:00:000,7402.48,20,10.1600,D26574,QQ241223_05,LONG,,,
Sell,ZZZZ,2024-12-27 11:00:00:000,446.10,800,10.4200,D58302,QQ241227_02,LONG,,,
Buy,UUUU,2024-12-28 11:00:00:000,2722.05,200,10.0000,D93783,QQ241228_01,LONG,,,
Sell,UUUU,2024-12-28 11:00:00:000,2741.35,200,10.5800,D97046,QQ241228_02,LONG,,,
Buy,UUUU,2024-12-28 11:00:00:000,2742.23,200,10.0000,D97182,QQ241228_03,LONG,,,
Buy,UUUU,2024-12-28 12:00:00:000,2732.38,200,10.0000,D22226,QQ241228_04,LONG,,,
Buy,ZZZZ,2024-12-28 12:00:00:000,448.80,800,10.0000,D26496,QQ241228_05,LONG,,,
Sell,ZZZZ,2024-12-28 13:00:00:000,449.40,800,10.4200,D27454,QQ241228_06,LONG,,,
Buy,TTTT,2024-12-29 09:00:00:000,861.05,320,10.0000,D81035,QQ241229_01,LONG,,,
Sell,CCC,2024-12-29 10:00:00:000,291.98,200,10.0800,D65088,QQ241229_02,LONG,,,
Buy,UUUU,2024-12-30 09:00:00:000,2655.55,200,10.0000,D28832,QQ241230_03,LONG,,,
Buy,CCC,2024-12-30 09:00:00:000,290.90,800,10.0000,D73840,QQ241230_04,LONG,,,
Sell,UUUU,2024-12-30 12:00:00:000,2731.93,200,10.5800,D30504,QQ241230_05,LONG,,,
Sell,CCC,2024-12-31 09:00:00:000,292.5,400,10.1400,D14105,QQ241231_03,LONG,,,
Buy,AAAA,2024-12-31 09:00:00:000,845.63,400,10.0000,D21760,QQ241231_04,LONG,,,
Buy,ZYXW,2024-12-31 09:00:00:000,7274.35,20,10.0000,D40478,QQ241231_05,LONG,,,
Sell,UUUU,2025-01-03 09:00:00:000,2868.38,200,10.6200,D63893,QQ250103_02,LONG,,,
Sell,UUUU,2025-01-03 09:00:00:000,2888.68,200,10.6200,D78477,QQ250103_03,LONG,,,
Buy,AAAA,2025-01-03 09:00:00:000,827.48,800,10.0000,D13732,QQ250103_04,LONG,,,
Sell,RRR,2025-01-03 10:00:00:000,481.08,200,10.1200,D42114,QQ250103_05,LONG,,,
Buy,UUUU,2025-01-04 10:00:00:000,2949.28,80,10.0000,D96728,QQ250104_02,LONG,,,
Sell,UUUU,2025-01-04 10:00:00:000,2959.38,80,10.2600,D97982,QQ250104_03,LONG,,,
Buy,UUUU,2025-01-04 10:00:00:000,2936.83,80,10.0000,D09913,QQ250104_04,LONG,,,
Sell,YYYY,2025-01-05 09:00:00:000,544.73,400,10.2600,D43942,QQ250105_01,LONG,,,
Buy,ZZZZ,2025-01-05 09:00:00:000,445.73,800,10.0000,D73538,QQ250105_02,LONG,,,
Sell,ZZZZ,2025-01-05 09:00:00:000,445.63,800,10.4200,D73749,QQ250105_03,LONG,,,
Buy,ZYXW,2025-01-05 12:00:00:000,7039.63,40,10.0000,D10758,QQ250105_04,LONG,,,
Buy,SSSS,2025-01-05 13:00:00:000,1437.35,240,10.0000,D67615,QQ250105_05,LONG,,,
Buy,UUUU,2025-01-05 14:00:00:000,2838.05,80,10.0000,D78730,QQ250105_06,LONG,,,
Buy,ZZZZ,2025-01-06 09:00:00:000,435.05,800,10.0000,D60550,QQ250106_03,LONG,,,
Sell,ZZZZ,2025-01-06 09:00:00:000,435.58,800,10.4000,D65725,QQ250106_04,LONG,,,
Buy,UUUU,2025-01-06 10:00:00:000,2614.08,240,10.0000,D26821,QQ250106_05,LONG,,,
Buy,ZZZZ,2025-01-06 10:00:00:000,432.1248,800,10.0000,D31064,QQ250106_06,LONG,,,
Sell,ZZZZ,2025-01-06 10:00:00:000,434.65,800,10.4000,D32842,QQ250106_07,LONG,,,
Buy,ZZZZ,2025-01-06 10:00:00:000,434.38,800,10.0000,D69465,QQ250106_08,LONG,,,
Sell,BBBB,2025-01-06 11:00:00:000,74.30,400,10.0600,D12604,QQ250106_09,SHORT,,,
Buy,BBBB,2025-01-06 13:00:00:000,73.93,400,10.0000,D14630,QQ250106_10,SHORT,,,
Buy,XXXX,2025-01-10 09:00:00:000,7950.33,20,10.0000,D50674,QQ250110_03,LONG,,,
Buy,ZZZZ,2025-01-10 09:00:00:000,424.5420,400,10.0000,D64514,QQ250110_04,LONG,,,
Buy,XXXX,2025-01-10 10:00:00:000,7827.93,20,10.0000,D76052,QQ250110_05,LONG,,,
Buy,SSSS,2025-01-10 11:00:00:000,1325.95,40,10.0000,D91606,QQ250110_06,LONG,,,
Buy,CCC,2025-01-10 11:00:00:000,262.38,80,10.0000,D00642,QQ250110_07,LONG,,,
Buy,UUUU,2025-01-11 09:00:00:000,2629.63,40,10.0000,D64972,QQ250111_01,LONG,,,
Sell,ZZZZ,2025-01-11 15:00:00:000,437.55,400,10.2000,D46178,QQ250111_02,LONG,,,
Buy,RRR,2025-01-14 09:00:00:000,447.20,200,10.0000,D75219,QQ250114_01,LONG,,,
Buy,ZYXW,2025-01-18 09:00:00:000,6798.40,20,10.0000,D51698,QQ250118_02,LONG,,,
Buy,SSSS,2025-01-18 09:00:00:000,1290.20,40,10.0000,D59760,QQ250118_03,LONG,,,
Buy,ZZZZ,2025-01-19 09:00:00:000,426.8,400,10.0000,D37883,QQ250119_01,LONG,,,
Buy,YYYY,2025-01-19 09:00:00:000,555.5,400,10.0000,D68570,QQ250119_02,LONG,,,
Buy,CCC,2025-01-20 09:00:00:000,242.45,200,10.0000,D82786,QQ250120_01,LONG,,,
Buy,SSSS,2025-01-20 16:00:00:000,1140.33,40,10.0000,D18356,QQ250120_02,LONG,,,
Buy,SSSS,2025-01-21 08:00:00:000,1015.5,40,10.0000,D79712,QQ250121_01,LONG,,,
Buy,XXXX,2025-01-21 09:00:00:000,7432.80,40,10.0000,D27234,QQ250121_02,LONG,,,
Buy,RRR,2025-02-01 09:00:00:000,430.43,120,10.0000,D77102,QQ250201_01,LONG,,,
Sell,ZYXW,2025-02-01 16:00:00:000,7201.35,80,10.6000,D96202,QQ250201_02,LONG,,,
Sell,ZZZZ,2025-02-02 09:00:00:000,437.5,400,10.2000,D79052,QQ250202_01,LONG,,,
Buy,RRR,2025-02-02 09:00:00:000,341.73,80,10.0000,D86703,QQ250202_02,LONG,,,
Buy,TTTT,2025-02-03 09:00:00:000,598.55,40,10.0000,D43104,QQ250203_01,LONG,,,
Buy,TTTT,2025-02-03 09:00:00:000,599.98,160,10.0000,D51895,QQ250203_02,LONG,,,
Buy,XXXX,2025-02-03 09:00:00:000,7134.0,20,10.0000,D21722,QQ250203_03,LONG,,,
Buy,XXXX,2025-02-03 10:00:00:000,7061.73,20,10.0000,D85716,QQ250203_04,LONG,,,
Sell,XXXX,2025-02-03 17:00:00:000,8245.80,20,10.1800,D71570,QQ250203_05,LONG,,,
Buy,ZYXW,2025-02-04 09:00:00:000,7003.60,40,10.0000,D69374,QQ250204_02,LONG,,,
Sell,ZYXW,2025-02-04 13:00:00:000,7181.33,20,10.1600,D70161,QQ250204_03,LONG,,,
Sell,ZZZZ,2025-03-07 17:00:00:000,396.3,200,10.1200,D69403,QQ250307_02,LONG,,,