2017-01-01,63.9335
2017-01-02,63.902
2017-01-03,64.4075
2017-01-06,64.3265
2017-01-07,65.379
2017-01-08,63.243
2017-01-09,64.181
2017-01-10,64.936
2017-01-13,63.52
2017-01-15,62.5885
2017-01-16,62.5325
2017-01-17,64.351
2017-01-20,62.6345
2017-01-21,62.5355
2017-01-22,63.92
2017-01-23,62.988
2017-01-24,63.177
2017-01-27,65.7145
2017-01-28,63.9898
2017-01-29,65.2005
2017-01-30,65.7335
2017-01-31,64.4768
2017-02-03,64.6891
2017-02-04,64.6815
2017-02-05,63.4525
2017-02-06,64.5045
2017-02-07,64.3155
2017-02-10,64.193
2017-02-11,65.439
2017-02-12,64.125
2017-02-13,63.2725
2017-02-14,64.277
2017-02-17,64.9495
2017-02-18,64.122
2017-02-20,64.2843
2017-02-21,64.1618
2017-02-24,65.1185
2017-02-25,64.9765
2017-02-26,63.938
2017-02-28,63.072
2017-03-03,62.8605
2017-03-04,63.9045
2017-03-05,64.855
2017-03-06,62.3242
2017-03-07,63.985
2017-03-10,63.1965
2017-03-11,61.6995
2017-03-12,64.09
2017-03-13,63.0155
2017-03-14,62.517
2017-03-18,63.9453
2017-03-19,64.097
2017-03-20,64.131
2017-03-21,64.0465
2017-03-24,61.703
2017-03-25,62.4935
2017-03-26,63.1725
2017-03-27,61.1295
2017-03-28,63.0998
2017-04-02,62.6463
2017-04-03,62.1245
2017-04-04,61.321
2017-04-07,61.9483
2017-04-09,61.074
2017-04-10,61.2115
2017-04-11,63.267
2017-04-15,61.262
2017-04-16,62.2263
2017-04-17,62.3805
2017-04-21,61.335
2017-04-22,62.7147
2017-04-23,63.0683
2017-04-25,62.1163
2017-04-28,62.5041
2017-04-29,61.5253
2017-04-30,63.3375
2017-05-02,62.225
2017-05-05,63.0475
2017-05-06,62.202
2017-05-07,61.0399
2017-05-08,62.9913
2017-05-09,62.054
2017-05-12,60.729
2017-05-13,61.8773
2017-05-15,60.4745
2017-05-16,61.861
2017-05-19,61.426
2017-05-20,59.7455
2017-05-21,59.7725
2017-05-22,59.574
2017-05-23,61.483
2017-05-26,60.5873
2017-05-27,61.0585
2017-05-28,62.077
2017-05-29,61.8415
2017-05-30,61.0335
2017-06-02,62.1385
2017-06-03,61.2125
2017-06-04,60.336
2017-06-05,60.2973
2017-06-06,62.197
2017-06-09,60.0605
2017-06-10,62.2647
2017-06-11,61.325
2017-06-12,61.3283
2017-06-13,60.4783
2017-06-16,62.0059
2017-06-17,61.368
2017-06-18,63.124
2017-06-19,62.0031
2017-06-20,63.2785
2017-06-23,63.1927
2017-06-24,63.105
2017-06-25,63.2785
2017-06-26,62.1618
2017-06-27,61.0958
2017-06-30,63.0933
2017-07-01,63.137
2017-07-02,60.9745
2017-07-03,61.7225
2017-07-04,60.7939
2017-07-07,62.9455
2017-07-08,60.7968
2017-07-09,61.726
2017-07-10,62.875
2017-07-11,61.1855
2017-07-14,62.005
2017-07-15,61.2195
2017-07-16,63.1903
2017-07-17,62.1401
2017-07-18,62.33
2017-07-21,62.1853
2017-07-22,61.236
2017-07-23,63.183
2017-07-24,62.002
2017-07-25,61.1448
2017-07-28,62.1013
2017-07-30,63.1485
2017-07-31,61.246
2017-08-01,63.851
2017-08-04,64.0187
2017-08-05,61.869
2017-08-06,64.336
2017-08-07,62.4123
2017-08-08,64.5575
2017-08-11,62.1165
2017-08-12,64.1847
2017-08-13,64.2458
2017-08-14,63.0583
2017-08-19,62.726
2017-08-20,61.669
2017-08-21,62.767
2017-08-22,62.436
2017-08-25,62.427
2017-08-26,61.496
2017-08-27,61.4678
2017-08-28,62.4745
2017-09-01,63.4735
2017-09-02,63.61
2017-09-03,63.5445
2017-09-04,61.454
2017-09-05,62.4385
2017-09-08,62.2628
2017-09-09,62.4277
2017-09-10,62.8256
2017-09-11,61.9155
2017-09-12,61.84
2017-09-15,62.9945
2017-09-16,62.1015
2017-09-17,61.954
2017-09-18,63.0558
2017-09-19,61.8055
2017-09-22,61.7875
2017-09-23,62.8708
2017-09-24,64.0293
2017-09-25,63.0245
2017-09-26,64.572
2017-09-29,64.4273
2017-09-30,63.6135
2017-10-01,62.7511
2017-10-07,62.3595
2017-10-08,64.4648
2017-10-09,63.0368
2017-10-10,64.1624
2017-10-13,62.2455
2017-10-14,63.1078
2017-10-16,64.4795
2017-10-17,63.6165
2017-10-20,64.2873
2017-10-21,64.2967
2017-10-22,63.2355
2017-10-27,63.229
2017-10-28,64.3524
2017-10-29,64.3175
2017-10-30,62.4636
2017-10-31,62.408
2017-11-03,62.4118
2017-11-05,64.387
2017-11-07,64.5205
2017-11-10,62.4513
2017-11-11,62.55
2017-11-12,62.4785
2017-11-13,63.556
2017-11-14,62.6475
2017-11-17,62.678
2017-11-18,63.808
2017-11-19,63.828
2017-11-20,65.1044
2017-11-21,64.8505
2017-11-24,64.7798
2017-11-25,62.9195
2017-11-26,64.8658
2017-11-27,64.865
2017-11-28,64.9736
2017-12-01,64.1377
2017-12-02,64.9255
2017-12-03,62.8866
2017-12-04,63.8771
2017-12-05,64.8535
2017-12-08,63.9253
2017-12-09,63.875
2017-12-10,62.95
2017-12-11,64.2059
2017-12-12,65.4422
2017-12-15,63.6529
2017-12-16,65.4135
2017-12-17,66.5813
2017-12-18,65.3161
2017-12-19,66.067
2017-12-22,65.1757
2017-12-23,65.4475
2017-12-24,64.4614
2017-12-26,65.6355
2017-12-29,64.6539
2017-12-30,65.7498
2017-12-31,65.3315
2018-01-01,65.3213
2018-01-02,65.2878
2018-01-05,66.3888
2018-01-06,65.385
2018-01-07,64.4495
2018-01-08,64.967
2018-01-09,63.3953
2018-01-12,65.1605
2018-01-13,63.1021
2018-01-14,63.153
2018-01-15,64.7588
2018-01-16,62.8933
2018-01-19,63.699
2018-01-20,63.8475
2018-01-21,63.614
2018-01-22,64.691
2018-01-23,64.4988
2018-01-27,62.464
2018-01-28,64.4105
2018-01-29,63.4998
2018-01-30,62.7575
2018-02-02,62.884
2018-02-03,64.7389
2018-02-04,63.68
2018-02-05,64.8748
2018-02-06,64.7363
2018-02-09,63.141
2018-02-10,62.9634
2018-02-11,64.1536
2018-02-12,63.43
2018-02-13,64.136
2018-02-16,63.2023
2018-02-18,63.245
2018-02-20,64.255
2018-02-23,65.1838
2018-02-24,65.2758
2018-02-25,65.0468
2018-02-26,62.9395
2018-02-27,63.7908
2018-03-02,64.8248
2018-03-03,64.8387
2018-03-04,63.8543
2018-03-05,64.2015
2018-03-09,64.616
2018-03-10,64.6983
2018-03-11,65.745
2018-03-12,63.5665
2018-03-13,65.6733
2018-03-16,63.8215
2018-03-17,63.692
2018-03-18,63.672
2018-03-19,65.4208
2018-03-20,64.4923
2018-03-23,63.2879
2018-03-24,65.1988
2018-03-25,64.3419
2018-03-26,65.6728
2018-03-27,64.6069
2018-03-30,64.6305
2018-03-31,63.5908
2018-04-06,63.158
2018-04-07,65.3321
2018-04-08,65.3295
2018-04-09,64.256
2018-04-10,64.366
2018-04-13,65.3885
2018-04-15,63.4026
2018-04-16,65.3685
2018-04-17,65.346
2018-04-20,64.5633
2018-04-21,65.92
2018-04-22,65.8183
2018-04-23,66.185
2018-04-24,64.4006
2018-04-27,65.6115
2018-04-28,66.3305
2018-04-29,65.2025
2018-04-30,66.578
2018-05-05,66.5194
2018-05-06,65.6425
2018-05-07,66.88
2018-05-08,66.0493
2018-05-11,64.8495
2018-05-12,66.202
2018-05-13,66.1895
2018-05-14,64.838
2018-05-15,66.5788
2018-05-18,64.5543
2018-05-19,65.6868
2018-05-20,64.8655
2018-05-21,65.7
2018-05-22,66.5728
2018-05-25,64.6228
2018-05-26,64.845
2018-05-27,65.9475
2018-05-28,65.901
2018-05-29,64.7615
2018-06-01,65.6083
2018-06-02,65.833
2018-06-03,64.8515
2018-06-04,65.1775
2018-06-05,65.8955
2018-06-08,67.11
2018-06-09,66.936
2018-06-10,66.8849
2018-06-11,65.891
2018-06-12,66.0301
2018-06-15,67.0868
2018-06-16,65.1505
2018-06-17,67.1135
2018-06-18,65.8495
2018-06-19,65.8195
2018-06-22,66.5098
2018-06-23,64.6406
2018-06-24,65.66
2018-06-25,66.6121
2018-06-26,65.6042
2018-06-29,66.917
2018-06-30,66.7549
2018-07-01,64.6223
2018-07-02,64.5705
2018-07-03,66.3963
2018-07-06,65.5785
2018-07-07,65.3749
2018-07-08,66.569
2018-07-09,64.5065
2018-07-10,65.3793
2018-07-13,66.4655
2018-07-14,66.4978
2018-07-15,64.3847
2018-07-16,64.4955
2018-07-17,65.4928
2018-07-20,65.551
2018-07-21,65.6506
2018-07-22,66.5283
2018-07-23,64.7138
2018-07-24,65.8916
2018-07-27,67.0028
2018-07-28,65.027
2018-07-29,66.8943
2018-07-30,67.0061
2018-07-31,65.0054
2018-08-03,65.9623
2018-08-04,65.9315
2018-08-05,64.8159
2018-08-06,65.7603
2018-08-07,64.8061
2018-08-10,66.759
2018-08-11,66.1732
2018-08-12,65.827
2018-08-13,67.9212
2018-08-14,67.1225
2018-08-17,68.22
2018-08-19,67.2525
2018-08-20,67.2385
2018-08-21,67.8298
2018-08-24,69.5093
2018-08-25,67.709
2018-08-26,69.161
2018-08-27,67.0605
2018-08-28,69.0808
2018-08-31,68.3062
2018-09-01,69.2603
2018-09-02,68.1638
2018-09-03,67.228
2018-09-04,68.4003
2018-09-07,68.7445
2018-09-08,69.606
2018-09-09,68.2945
2018-09-10,69.584
2018-09-11,67.3866
2018-09-14,68.3708
2018-09-15,69.4383
2018-09-16,68.5
2018-09-18,67.9255
2018-09-21,67.7531
2018-09-22,67.625
2018-09-23,66.9696
2018-09-24,68.0993
2018-09-28,69.0805
2018-09-29,69.1843
2018-09-30,68.7418
2018-10-01,67.554
2018-10-05,66.2905
2018-10-06,67.3908
2018-10-07,68.2571
2018-10-08,67.157
2018-10-09,65.7848
2018-10-12,67.726
2018-10-13,66.0215
2018-10-14,68.1123
2018-10-15,66.824
2018-10-16,67.9697
2018-10-19,67.8178
2018-10-20,67.8908
2018-10-21,66.1513
2018-10-23,67.8815
2018-10-26,65.9603
2018-10-27,66.9553
2018-10-28,67.0408
2018-10-29,68.1515
2018-10-30,68.2231
2018-11-02,67.4793
2018-11-03,67.451
2018-11-04,67.568
2018-11-05,67.6755
2018-11-06,67.791
2018-11-09,68.3378
2018-11-10,68.3495
2018-11-13,69.139
2018-11-16,68.169
2018-11-17,66.9805
2018-11-18,67.1138
2018-11-19,67.1105
2018-11-20,67.094
2018-11-23,67.349
2018-11-24,69.384
2018-11-26,68.5507
2018-11-27,69.7503
2018-11-30,68.8148
2018-12-01,68.518
2018-12-02,68.6158
2018-12-03,69.745
2018-12-04,69.8365
2018-12-07,69.6263
2018-12-08,69.7983
2018-12-09,69.75
2018-12-10,67.7905
2018-12-11,69.786
2018-12-14,69.994
2018-12-15,68.0435
2018-12-16,69.8468
2018-12-17,69.6488
2018-12-18,67.4235
2018-12-21,69.324
2018-12-22,68.2985
2018-12-23,67.202
2018-12-28,69.138
2018-12-29,68.37
2018-12-30,69.4243
2018-12-31,69.326
2019-01-01,67.178
2019-01-04,68.4623
2019-01-05,67.5418
2019-01-06,68.7165
2019-01-07,69.9115
2019-01-08,68.669
2019-01-11,67.7885
2019-01-12,68.8905
2019-01-13,67.8394
2019-01-14,68.095
2019-01-15,70.4325
2019-01-18,70.588
2019-01-19,69.563
2019-01-20,69.9774
2019-01-21,70.06
2019-01-22,69.748
2019-01-25,70.6428
2019-01-27,70.9803
2019-01-28,70.0858
2019-01-29,69.8763
2019-02-01,68.6728
2019-02-02,70.834
2019-02-03,71.1825
2019-02-04,70.8093
2019-02-05,70.6365
2019-02-08,68.819
2019-02-09,71.1623
2019-02-10,68.8781
2019-02-11,70.0155
2019-02-12,70.4365
2019-02-15,71.1348
2019-02-16,71.336
2019-02-17,70.592
2019-02-18,70.494
2019-02-22,69.5517
2019-02-23,71.6408
2019-02-24,69.565
2019-02-25,69.599
2019-02-26,69.7775
2019-02-29,70.616
2019-03-01,69.158
2019-03-02,69.7022
2019-03-03,69.3786
2019-03-04,68.2713
2019-03-08,69.338
2019-03-09,70.4632
2019-03-10,69.051
2019-03-11,68.0868
2019-03-14,68.023
2019-03-15,70.229
2019-03-16,70.368
2019-03-17,68.8806
2019-03-18,68.6088
2019-03-21,68.504
2019-03-22,69.5411
2019-03-23,68.864
2019-03-28,69.668
2019-03-29,68.558
2019-03-30,68.4105
2019-03-31,68.3329
2019-04-04,68.243
2019-04-05,68.3248
2019-04-06,68.5807
2019-04-07,68.4698
2019-04-11,67.3925
2019-04-12,68.495
2019-04-13,69.4293
2019-04-18,68.6663
2019-04-20,67.2406
2019-04-21,68.293
2019-04-22,69.4925
2019-04-25,68.6839
2019-04-26,69.733
2019-04-27,69.546
2019-04-28,68.4045
2019-04-29,68.5176
2019-05-02,68.3435
2019-05-03,68.2698
2019-05-04,68.5388
2019-05-05,69.5105
2019-05-06,69.583
2019-05-09,67.4379
2019-05-10,67.7224
2019-05-11,67.6958
2019-05-12,67.5977
2019-05-13,69.7609
2019-05-16,69.8216
2019-05-17,67.7233
2019-05-18,69.9131
2019-05-19,68.2307
2019-05-20,68.4076
2019-05-23,69.3492
2019-05-24,69.706
2019-05-25,68.4467
2019-05-26,70.2855
2019-05-27,68.0613
2019-05-30,68.3398
2019-05-31,70.203
2019-06-01,69.3526
2019-06-02,68.2533
2019-06-03,68.2415
2019-06-06,67.9614
2019-06-07,67.8305
2019-06-08,69.737
2019-06-09,69.625
2019-06-10,69.7948
2019-06-13,68.0737
2019-06-14,69.152
2019-06-15,68.1596
2019-06-16,69.2068
2019-06-17,70.1682
2019-06-20,69.4087
2019-06-21,68.4767
2019-06-22,70.557
2019-06-23,68.3702
2019-06-24,71.0144
2019-06-27,69.9
2019-06-28,69.8867
2019-06-29,69.7443
2019-06-30,69.6166
2019-07-01,68.441
2019-07-04,69.1848
2019-07-05,68.4028
2019-07-07,69.4972
2019-07-08,69.4584
2019-07-11,69.1426
2019-07-12,70.1471
2019-07-13,68.2046
2019-07-14,67.9136
2019-07-15,70.0655
2019-07-18,68.1015
2019-07-19,70.1462
2019-07-20,70.172
2019-07-21,68.2035
2019-07-22,69.1355
2019-07-25,68.243
2019-07-26,69.368
2019-07-27,68.2362
2019-07-28,70.055
2019-07-29,70.034
2019-08-01,68.7412
2019-08-02,67.7612
2019-08-03,67.9368
2019-08-04,69.9447
2019-08-05,69.8141
2019-08-08,68.7407
2019-08-09,68.9633
2019-08-10,69.7442
2019-08-11,67.8571
2019-08-12,69.8252
2019-08-16,69.8983
2019-08-18,68.7939
2019-08-19,69.9296
2019-08-22,69.194
2019-08-23,70.0885
2019-08-24,68.132
2019-08-25,68.0876
2019-08-26,68.0299
2019-08-29,70.181
2019-08-30,68.0879
2019-08-31,67.9813
2019-09-01,67.9539
2019-09-02,69.8405
2019-09-06,68.5469
2019-09-07,67.3618
2019-09-08,67.4483
2019-09-09,69.5462
2019-09-12,68.9017
2019-09-14,69.9642
2019-09-15,69.0248
2019-09-16,68.8804
2019-09-19,67.8737
2019-09-20,70.02
2019-09-21,68.0631
2019-09-22,67.8451
2019-09-23,68.6519
2019-09-26,67.7095
2019-09-27,68.4627
2019-09-28,69.4482
2019-09-29,67.5521
2019-09-30,67.6596
2019-10-03,67.533
2019-10-04,67.5559
2019-10-05,67.5699
2019-10-06,67.6322
2019-10-07,67.7875
2019-10-10,67.5856
2019-10-13,68.8473
2019-10-14,68.8481
2019-10-17,67.7779
2019-10-18,68.7268
2019-10-19,68.7145
2019-10-20,69.7411
2019-10-21,68.8943
2019-10-24,68.8625
2019-10-25,67.8777
2019-10-26,69.7621
2019-10-27,67.8854
2019-10-28,68.8566
2019-11-01,69.714
2019-11-02,68.8294
2019-11-03,67.6942
2019-11-04,67.7219
2019-11-07,68.7301
2019-11-08,69.7073
2019-11-09,67.7968
2019-11-10,67.4273
2019-11-11,68.0292
2019-11-15,70.7173
2019-11-16,69.7791
2019-11-17,69.9106
2019-11-18,69.0937
2019-11-21,69.2575
2019-11-22,70.2317
2019-11-23,71.4772
2019-11-24,70.656
2019-11-25,71.4626
2019-11-28,71.7235
2019-11-29,69.6535
2019-11-30,70.526
2019-12-01,71.3734
2019-12-02,69.3689
2019-12-05,69.1703
2019-12-06,70.0322
2019-12-07,68.8707
2019-12-08,68.4325
2019-12-09,70.584
2019-12-13,68.4867
2019-12-14,70.5604
2019-12-15,70.7994
2019-12-16,69.7777
2019-12-19,69.7262
2019-12-20,70.8954
2019-12-21,68.8724
2019-12-22,70.9136
2019-12-23,69.9117
2019-12-26,68.8331
2019-12-27,68.9967
2019-12-28,69.225
2019-12-29,71.1241
2019-12-30,70.9547
2020-01-02,70.0225
2020-01-03,71.0864
2020-01-04,70.1791
2020-01-05,69.7884
2020-01-06,69.9522
2020-01-09,69.1863
2020-01-10,70.0641
2020-01-11,69.2276
2020-01-12,71.0858
2020-01-13,70.231
2020-01-16,69.1558
2020-01-17,70.0509
2020-01-18,68.9364
2020-01-19,69.1766
2020-01-20,69.0883
2020-01-23,71.0843
2020-01-24,70.157
2020-01-25,70.1556
2020-01-27,70.2043
2020-01-30,69.0426
2020-01-31,70.8125
2020-02-01,70.6458
2020-02-02,69.448
2020-02-03,68.3825
2020-02-06,69.1958
2020-02-07,68.3692
2020-02-08,69.3058
2020-02-09,70.0123
2020-02-10,69.9367
2020-02-13,67.9663
2020-02-14,67.9439
2020-02-15,69.9193
2020-02-16,67.9468
2020-02-17,70.0467
2020-02-20,68.9771
2020-02-22,68.9644
2020-02-23,67.8351
2020-02-27,68.7249
2020-02-28,69.7375
2020-03-01,67.8482
2020-03-02,69.7433
2020-03-03,68.8354
2020-03-06,67.7559
2020-03-07,67.6347
2020-03-08,67.6362
2020-03-09,69.7707
2020-03-10,68.688
2020-03-14,69.18
2020-03-15,66.5146
2020-03-16,67.3836
2020-03-17,66.5411
2020-03-20,66.3827
2020-03-21,66.3117
2020-03-22,67.4881
2020-03-23,66.422
2020-03-24,67.4581
2020-03-27,67.0892
2020-03-29,67.9552
2020-03-30,65.9325
2020-03-31,67.8386
2020-04-03,65.9103
2020-04-05,68.0438
2020-04-06,65.9791
2020-04-07,67.3928
2020-04-10,66.4418
2020-04-11,66.5438
2020-04-12,67.692
2020-04-13,67.3165
2020-04-17,65.4053
2020-04-18,65.5657
2020-04-19,65.5443
2020-04-20,67.6364
2020-04-21,67.5701
2020-04-24,66.4757
2020-04-25,65.2776
2020-04-26,65.0013
2020-04-27,67.1141
2020-04-28,67.217
2020-05-02,65.2072
2020-05-03,67.1439
2020-05-04,66.2115
2020-05-05,67.3079
2020-05-08,65.2154
2020-05-09,67.5065
2020-05-11,66.438
2020-05-12,66.3043
2020-05-15,66.1188
2020-05-16,65.0758
2020-05-17,65.0214
2020-05-18,66.3441
2020-05-19,66.9906
2020-05-20,66.5632
2020-05-22,65.5632
2020-05-23,65.7751
2020-05-24,67.8586
2020-05-25,67.5088
2020-05-26,65.5945
2020-05-29,65.5565
2020-05-30,66.6336
2020-05-31,65.5459
2020-06-01,67.4704
2020-06-02,66.4208
2020-06-05,65.3485
2020-06-06,65.3516
2020-06-07,65.4538
2020-06-08,66.3554
2020-06-09,67.2584
2020-06-12,65.3407
2020-06-13,67.4453
2020-06-14,65.3141
2020-06-15,66.2801
2020-06-16,65.5883
2020-06-19,67.3788
2020-06-20,65.4672
2020-06-21,67.6025
2020-06-22,67.495
2020-06-23,65.5365
2020-06-27,65.4572
2020-06-28,65.5288
2020-06-29,65.4715
2020-06-30,66.7379
2020-07-03,67.7525
2020-07-04,67.8168
2020-07-05,66.7209
2020-07-06,67.7779
2020-07-07,65.7342
2020-07-10,67.5405
2020-07-11,67.5025
2020-07-12,65.4969
2020-07-13,66.4384
2020-07-14,66.4539
2020-07-17,66.3666
2020-07-18,65.3301
2020-07-19,67.3211
2020-07-20,66.4273
2020-07-21,67.3185
2020-07-24,65.4494
2020-07-25,67.358
2020-07-26,66.4208
2020-07-27,65.1216
2020-07-28,67.1483
2020-07-31,65.0773
2020-08-01,65.0683
2020-08-02,67.069
2020-08-03,64.6314
2020-08-04,64.7091
2020-08-07,65.7375
2020-08-08,65.7382
2020-08-09,65.7491
2020-08-10,64.9437
2020-08-11,65.1693
2020-08-14,66.0253
2020-08-16,65.2428
2020-08-18,67.1048
2020-08-21,67.0285
2020-08-22,65.1099
2020-08-23,67.1272
2020-08-24,67.0676
2020-08-28,66.8701
2020-08-29,66.0174
2020-08-30,65.9431
2020-08-31,67.0154
2020-09-01,65.9804
2020-09-04,66.0468
2020-09-05,65.1164
2020-09-06,65.2146
2020-09-07,66.0276
2020-09-08,65.8664
2020-09-11,64.8859
2020-09-12,64.9474
2020-09-13,65.9818
2020-09-14,65.0692
2020-09-15,66.0774
2020-09-18,65.0371
2020-09-19,67.1769
2020-09-20,66.3637
2020-09-21,67.5256
2020-09-22,65.9596
2020-09-25,65.8357
2020-09-26,67.3371
2020-09-27,66.6947
2020-09-28,68.7604
2020-09-29,66.3552
2020-10-03,67.5529
2020-10-04,67.2899
2020-10-05,67.1758
2020-10-06,67.2276
2020-10-09,66.3074
2020-10-10,68.2652
2020-10-11,67.2691
2020-10-12,67.1003
2020-10-13,66.9301
2020-10-16,67.7603
2020-10-17,67.9226
2020-10-18,68.0649
2020-10-23,67.0239
2020-10-24,65.9256
2020-10-25,67.1386
2020-10-26,67.7888
2020-10-27,68.0931
2020-10-28,66.9338
2020-10-30,67.9338
2020-10-31,65.7745
2020-11-01,66.5256
2020-11-02,67.593
2020-11-03,67.5764
2020-11-06,66.7267
2020-11-07,67.8064
2020-11-08,66.0592
2020-11-09,66.8967
2020-11-10,67.0147
2020-11-13,67.4272
2020-11-14,67.5171
2020-11-15,68.3689
2020-11-16,66.2969
2020-11-17,67.8462
2020-11-20,67.0565
2020-11-21,66.0386
2020-11-22,67.7453
2020-11-23,66.7949
2020-11-24,67.7328
2020-11-27,65.6948
2020-11-28,66.4206
2020-11-29,66.4058
2020-11-30,67.4332
2020-12-04,65.3799
2020-12-05,67.3764
2020-12-06,66.4467
2020-12-07,67.5388
2020-12-08,67.4649
2020-12-11,67.3616
2020-12-12,67.4834
2020-12-13,67.4525
2020-12-14,67.2798
2020-12-15,66.0958
2020-12-18,65.1065
2020-12-19,65.1205
2020-12-20,66.0577
2020-12-21,67.0883
2020-12-22,67.0409
2020-12-26,67.0538
2020-12-27,65.1577
2020-12-28,65.1716
2020-12-29,64.9273
2021-01-01,65.6697
2021-01-02,66.6728
2021-01-03,65.4833
2021-01-04,65.3914
2021-01-05,64.3823
2021-01-08,64.3482
2021-01-09,71.4418
2021-01-10,66.8264
2021-01-11,64.7364
2021-01-12,66.5263
2021-01-15,66.4125
2021-01-16,65.7602
2021-01-17,66.9797
2021-01-18,66.8431
2021-01-19,64.7183
2021-01-22,64.8895
2021-01-23,66.7722
2021-01-24,64.6439
2021-01-25,65.4983
2021-01-29,64.547
2021-01-30,66.7534
2021-01-31,66.6878
2021-02-01,65.6113
2021-02-02,67.0781
2021-02-05,65.0295
2021-02-06,65.2723
2021-02-07,66.1377
2021-02-08,66.1616
2021-02-09,65.3686
2021-02-12,66.2838
2021-02-14,66.1259
2021-02-15,65.9222
2021-02-16,65.9097
2021-02-20,65.5254
2021-02-21,67.8161
2021-02-22,68.0458
2021-02-23,65.8227
2021-02-26,65.6639
2021-02-27,66.8514
2021-02-28,68.1031
2021-03-01,68.2261
2021-03-05,66.053
2021-03-06,67.9941
2021-03-07,66.9627
2021-03-08,67.9212
2021-03-09,66.0784
2021-03-12,67.0199
2021-03-13,66.9567
2021-03-14,66.9875
2021-03-15,65.9366
2021-03-16,65.8737
2021-03-19,67.0375
2021-03-20,66.1993
2021-03-21,68.2162
2021-03-22,67.0622
2021-03-23,66.1333
2021-03-26,67.9055
2021-03-27,67.7973
2021-03-28,68.0441
2021-04-03,68.024
2021-04-04,67.0232
2021-04-05,67.0601
2021-04-06,66.9884
2021-04-09,65.9287
2021-04-10,66.9368
2021-04-11,67.1272
2021-04-12,67.3496
2021-04-13,66.2226
2021-04-16,68.4476
2021-04-17,67.6124
2021-04-18,67.6814
2021-04-19,68.7837
2021-04-20,67.0167
2021-04-23,69.2177
2021-04-24,67.3622
2021-04-25,67.6983
2021-04-26,69.8299
2021-04-27,69.7801
2021-05-02,69.6636
2021-05-03,68.6093
2021-05-04,67.7681
2021-05-07,69.106
2021-05-08,68.0809
2021-05-09,68.3815
2021-05-10,69.3786
2021-05-11,70.2203
2021-05-14,70.3153
2021-05-15,70.5288
2021-05-16,70.8276
2021-05-17,70.7156
2021-05-18,69.9577
2021-05-21,69.0883
2021-05-22,69.0187
2021-05-23,70.2139
2021-05-24,71.3872
2021-05-25,69.26
2021-05-28,68.443
2021-05-29,69.8201
2021-05-30,68.6288
2021-05-31,69.4526
2021-06-01,69.184
2021-06-04,68.0543
2021-06-05,70.1794
2021-06-06,70.0397
2021-06-07,70.0181
2021-06-08,69.5228
2021-06-11,70.3353
2021-06-12,70.4571
2021-06-13,69.6251
2021-06-14,68.6875
2021-06-15,68.9739
2021-06-18,70.0248
2021-06-19,71.1511
2021-06-20,71.0838
2021-06-21,71.195
2021-06-22,68.7695
2021-06-25,70.1466
2021-06-26,71.1676
2021-06-27,70.5246
2021-06-28,70.9389
2021-06-29,70.5753
2021-07-02,69.6227
2021-07-03,71.6935
2021-07-04,71.5312
2021-07-05,69.7545
2021-07-06,71.8757
2021-07-09,69.6573
2021-07-10,69.7942
2021-07-11,71.829
2021-07-12,69.6313
2021-07-13,71.4094
2021-07-16,69.5877
2021-07-17,69.2978
2021-07-18,70.5652
2021-07-19,70.8331
2021-07-20,70.8458
2021-07-21,71.704
2021-07-23,71.704
2021-07-24,72.053
2021-07-25,70.8028
2021-07-26,70.7017
2021-07-27,70.7041
2021-07-30,69.7531
2021-07-31,71.6068
2021-08-01,71.6058
2021-08-02,70.3566
2021-08-03,69.7933
2021-08-06,70.6833
2021-08-07,69.8
2021-08-08,71.6465
2021-08-09,69.624
2021-08-10,70.9538
2021-08-13,71.4685
2021-08-14,71.7696
2021-08-16,72.2287
2021-08-20,71.7617
2021-08-21,71.6668
2021-08-23,71.0656
2021-08-24,72.1377
2021-08-27,73.0366
2021-08-28,73.1687
2021-08-29,72.5046
2021-08-30,73.7329
2021-08-31,73.9255
2021-09-03,72.7695
2021-09-04,73.1857
2021-09-05,73.7533
2021-09-06,72.9214
2021-09-07,74.9009
2021-09-10,73.5745
2021-09-11,73.3227
2021-09-12,75.7549
2021-09-14,74.8129
2021-09-17,75.5505
2021-09-18,73.3796
2021-09-19,74.6781
2021-09-21,74.8489
2021-09-24,74.6927
2021-09-25,75.8134
2021-09-26,74.7182
2021-09-27,75.6505
2021-09-28,73.5474
2021-10-01,75.8036
2021-10-03,76.0299
2021-10-04,75.7509
2021-10-05,75.5809
2021-10-08,75.9235
2021-10-09,77.0989
2021-10-10,75.1316
2021-10-11,76.3875
2021-10-12,75.7967
2021-10-15,76.9708
2021-10-16,75.9041
2021-10-17,74.4846
2021-10-19,74.4354
2021-10-22,76.3025
2021-10-23,74.7818
2021-10-24,76.2645
2021-10-25,74.2746
2021-10-26,74.374
2021-10-29,76.4181
2021-10-30,75.5709
2021-10-31,75.9936
2021-11-01,74.8295
2021-11-02,75.8798
2021-11-05,76.074
2021-11-06,76.0097
2021-11-09,75.7347
2021-11-12,74.9078
2021-11-13,75.5853
2021-11-14,73.1039
2021-11-15,74.16
2021-11-16,72.8023
2021-11-19,72.9007
2021-11-20,72.3276
2021-11-22,72.1787
2021-11-26,73.7144
2021-11-27,73.9065
2021-11-28,73.6881
2021-11-29,70.9159
2021-11-30,70.6574
2021-12-03,72.028
2021-12-04,72.3455
2021-12-05,71.5171
2021-12-06,72.0371
2021-12-07,72.5663
2021-12-10,74.3257
2021-12-11,73.9274
2021-12-12,74.0407
2021-12-13,73.5368
2021-12-14,74.7359
2021-12-17,72.673
2021-12-18,72.194
2021-12-19,73.1094
2021-12-20,71.2835
2021-12-21,72.0368
2021-12-24,73.1757
2021-12-26,71.9906
2021-12-27,73.327
2021-12-28,71.9786
2021-12-31,71.7923
2022-01-01,70.7131
2022-01-02,71.6089
2022-01-03,71.3627
2022-01-04,70.8653
2022-01-07,72.4814
2022-01-08,71.0221
2022-01-09,72.4418
2022-01-10,73.5135
2022-01-11,72.4737
2022-01-14,72.8244
2022-01-15,73.0298
2022-01-16,73.1847
2022-01-17,72.3418
2022-01-18,72.1418
2022-01-21,72.3782
2022-01-22,73.3761
2022-01-23,72.2039
2022-01-24,72.282
2022-01-25,73.1051
2022-01-28,74.134
2022-01-29,72.0942
2022-01-30,74.2442
2022-01-31,74.0333
2022-02-01,72.1102
2022-02-04,72.658
2022-02-05,74.7459
2022-02-06,74.5731
2022-02-07,73.4688
2022-02-08,74.2949
2022-02-11,73.1621
2022-02-12,71.9353
2022-02-13,72.5547
2022-02-14,73.9408
2022-02-15,73.2515
2022-02-18,74.4705
2022-02-20,72.1773
2022-02-21,73.154
2022-02-22,74.2177
2022-02-25,74.042
2022-02-26,73.0952
2022-02-27,74.1663
2022-02-28,74.1953
2022-03-01,71.9696
2022-03-05,71.7601
2022-03-06,71.5798
2022-03-07,73.0268
2022-03-08,71.101
2022-03-11,72.9308
2022-03-12,72.595
2022-03-13,71.6225
2022-03-14,70.6657
2022-03-15,72.2131
2022-03-18,69.6088
2022-03-19,70.5847
2022-03-20,71.8604
2022-03-22,70.6607
2022-03-25,71.9903
2022-03-26,70.8469
2022-03-27,71.903
2022-03-28,72.0038
2022-03-29,71.1713
2022-04-02,71.1198
2022-04-03,71.4896
2022-04-04,69.8446
2022-04-05,72.1965
2022-04-08,70.5142
2022-04-09,70.5397
2022-04-10,70.1482
2022-04-11,70.9742
2022-04-12,71.324
2022-04-15,71.2293
2022-04-16,70.577
2022-04-18,72.4189
2022-04-22,70.7423
2022-04-23,71.7474
2022-04-24,72.9045
2022-04-25,70.9418
2022-04-26,73.1445
2022-04-30,71.8368
2022-05-02,70.5419
2022-05-03,71.2679
2022-05-06,70.3558
2022-05-07,70.3095
2022-05-08,70.6009
2022-05-09,72.8685
2022-05-10,72.9212
2022-05-13,72.2576
2022-05-14,73.4208
2022-05-15,72.2087
2022-05-16,71.2469
2022-05-17,72.1666
2022-05-20,70.5466
2022-05-21,71.7291
2022-05-22,72.7655
2022-05-23,70.6732
2022-05-24,72.6096
2022-05-27,72.4327
2022-05-28,72.6142
2022-05-29,72.8805
2022-05-30,71.7852
2022-05-31,71.8058
2022-06-03,70.4338
2022-06-04,72.2918
2022-06-06,72.3205
2022-06-07,71.3019
2022-06-10,70.4598
2022-06-11,71.4222
2022-06-12,70.4048
2022-06-13,72.3579
2022-06-14,70.5646
2022-06-17,72.8362
2022-06-18,70.801
2022-06-19,71.6677
2022-06-21,71.6343
2022-06-24,71.4788
2022-06-25,72.3398
2022-06-26,70.3192
2022-06-27,71.2216
2022-06-28,69.918
2022-07-01,71.9665
2022-07-02,70.9924
2022-07-03,70.8776
2022-07-04,69.8545
2022-07-05,70.7499
2022-07-08,71.6982
2022-07-09,71.7301
2022-07-10,70.5269
2022-07-11,71.3665
2022-07-12,71.5855
2022-07-15,70.5836
2022-07-16,70.5672
2022-07-18,70.8758
2022-07-19,71.8249
2022-07-22,72.0199
2022-07-23,69.9922
2022-07-24,70.0135
2022-07-25,69.9904
2022-07-26,72.0611
2022-07-29,69.9023
2022-07-30,70.75
2022-07-31,71.8569
2022-08-01,70.058
2022-08-02,71.3981
2022-08-05,72.3584
2022-08-06,73.7226
2022-08-07,73.9553
2022-08-08,73.8497
2022-08-09,72.5185
2022-08-13,74.2365
2022-08-14,73.0968
2022-08-16,72.2872
2022-08-19,72.3419
2022-08-20,72.6483
2022-08-21,72.5508
2022-08-22,72.5508
2022-08-23,74.7033
2022-08-26,74.1814
2022-08-27,73.8206
2022-08-28,72.7041
2022-08-29,74.9971
2022-08-30,74.7586
2022-09-03,73.1899
2022-09-04,75.07
2022-09-05,74.8611
2022-09-06,74.7323
2022-09-09,72.5886
2022-09-11,72.6637
2022-09-12,74.3175
2022-09-13,73.9387
2022-09-16,72.5362
2022-09-17,72.8196
2022-09-18,74.3132
2022-09-19,74.1382
2022-09-20,71.937
2022-09-23,73.9212
2022-09-24,72.8477
2022-09-25,74.0395
2022-09-26,71.9021
2022-09-27,71.8381
2022-09-30,73.685
2022-10-01,72.9109
2022-10-03,72.1163
2022-10-04,73.8703
2022-10-07,72.9763
2022-10-09,74.1121
2022-10-10,72.0516
2022-10-11,72.0272
2022-10-14,72.0188
2022-10-15,74.3186
2022-10-16,73.5051
2022-10-17,73.4087
2022-10-18,74.1988
2022-10-22,72.8731
2022-10-23,73.9373
2022-10-24,72.9338
2022-10-25,71.9593
2022-10-29,73.7303
2022-10-30,72.9915
2022-10-31,73.8095
2022-11-01,71.8798
2022-11-04,71.6821
2022-11-05,72.7283
2022-11-06,71.8861
2022-11-07,74.0079
2022-11-08,72.2494
2022-11-11,73.445
2022-11-13,74.7002
2022-11-14,75.0501
2022-11-15,72.7109
2022-11-18,74.7131
2022-11-19,74.8138
2022-11-20,72.6756
2022-11-21,72.7996
2022-11-22,73.8514
2022-11-25,73.6468
2022-11-26,72.5909
2022-11-27,74.3627
2022-11-28,73.5147
2022-11-29,74.7255
2022-12-02,73.7217
2022-12-03,74.6006
2022-12-04,72.78
2022-12-05,73.5476
2022-12-06,73.3165
2022-12-09,74.162
2022-12-10,73.8962
2022-12-11,72.8679
2022-12-12,73.7494
2022-12-13,73.7178
2022-12-16,71.941
2022-12-17,73.9687
2022-12-18,74.0611
2022-12-19,72.0813
2022-12-20,74.1569
2022-12-23,72.1699
2022-12-24,72.1959
2022-12-26,74.2699
2022-12-27,72.2214
2022-12-30,73.3449
2022-12-31,73.3449
2023-01-01,74.3717
2023-01-02,74.3429
2023-01-03,74.6949
2023-01-06,75.0919
2023-01-07,72.7764
2023-01-08,73.0178
2023-01-09,74.4221
2023-01-10,73.1136
2023-01-13,73.8115
2023-01-14,73.9242
2023-01-15,71.8753
2023-01-16,73.9065
2023-01-17,73.0436
2023-01-20,72.057
2023-01-21,73.1825
2023-01-22,72.2056
2023-01-23,72.2437
2023-01-24,72.2404
2023-01-27,72.3948
2023-01-28,73.3263
2023-01-29,73.1875
2023-01-30,73.4772
2023-01-31,74.5096
2023-02-03,74.5803
2023-02-04,73.135
2023-02-05,72.2664
2023-02-06,73.2558
2023-02-07,73.2476
2023-02-10,73.3046
2023-02-11,73.2291
2023-02-12,74.258
2023-02-13,74.4699
2023-02-14,74.3865
2023-02-17,73.4259
2023-02-18,74.4013
2023-02-20,73.5899
2023-02-24,73.8522
2023-02-25,73.8598
2023-02-26,72.7291
2023-02-27,74.6124
2023-02-28,75.1895
2023-03-02,75.242
2023-03-03,75.8733
2023-03-04,74.5603
2023-03-05,76.2824
2023-03-06,74.6629
2023-03-09,74.9538
2023-03-11,76.8128
2023-03-12,76.1694
2023-03-13,77.0694
2023-03-16,77.2723
2023-03-18,75.1727
2023-03-19,78.0583
2023-03-20,77.0063
2023-03-23,76.8814
2023-03-24,77.1522
2023-03-26,78.2392
2023-03-27,76.8434
2023-03-30,78.3451
2023-03-31,76.3859
2023-04-03,78.8276
2023-04-07,78.8438
2023-04-08,78.0867
2023-04-09,77.4577
2023-04-13,77.3617
2023-04-15,78.2743
2023-04-16,79.7408
2023-04-17,77.5444
2023-04-20,77.6335
2023-04-21,78.6516
2023-04-22,78.8084
2023-04-23,77.0635
2023-04-24,79.4173
2023-04-27,79.1269
2023-04-28,79.371
2023-04-29,77.6961
2023-04-30,77.115
2023-05-04,76.7902
2023-05-05,77.5715
2023-05-06,76.6911
2023-05-08,77.4411
2023-05-11,78.6838
2023-05-12,78.7944
2023-05-13,76.3885
2023-05-14,76.444
2023-05-15,78.5634
2023-05-18,78.9345
2023-05-19,76.6638
2023-05-20,78.6712
2023-05-21,78.7785
2023-05-22,76.7868
2023-05-26,77.6404
2023-05-27,76.6476
2023-05-28,77.7501
2023-05-29,77.6369
2023-06-01,78.4792
2023-06-02,78.5871
2023-06-03,76.326
2023-06-04,78.529
2023-06-05,77.4665
2023-06-08,76.6307
2023-06-09,78.4931
2023-06-10,78.4688
2023-06-11,76.7907
2023-06-12,78.973
2023-06-15,77.1056
2023-06-16,78.841
2023-06-17,79.2032
2023-06-18,79.1509
2023-06-19,79.2144
2023-06-22,77.062
2023-06-23,78.7549
2023-06-24,78.7087
2023-06-25,78.6349
2023-06-26,78.4757
2023-06-29,78.568
2023-06-30,78.527
2023-07-01,77.5813
2023-07-02,78.4876
2023-07-03,76.7843
2023-07-06,76.6822
2023-07-07,76.8609
2023-07-08,76.027
2023-07-09,77.0031
2023-07-10,76.2865
2023-07-13,77.1567
2023-07-14,77.3935
2023-07-15,76.3123
2023-07-16,76.242
2023-07-17,78.1015
2023-07-20,76.9666
2023-07-21,75.7678
2023-07-22,76.6848
2023-07-23,77.7548
2023-07-24,75.8672
2023-07-27,76.762
2023-07-28,77.7458
2023-07-29,77.7667
2023-07-30,76.8412
2023-07-31,75.7722
2023-08-03,77.9789
2023-08-04,76.0894
2023-08-05,77.9086
2023-08-06,77.8591
2023-08-07,77.9556
2023-08-10,77.878
2023-08-11,77.8436
2023-08-12,76.8286
2023-08-13,76.8369
2023-08-14,76.7721
2023-08-17,76.8464
2023-08-18,75.819
2023-08-19,77.7608
2023-08-20,76.0062
2023-08-21,75.8755
2023-08-24,76.828
2023-08-25,75.3952
2023-08-26,76.3541
2023-08-27,77.3263
2023-08-28,76.3528
2023-08-31,76.5951
2023-09-01,74.8204
2023-09-02,76.0126
2023-09-03,76.356
2023-09-04,76.338
2023-09-07,75.2831
2023-09-08,74.2831
2023-09-09,74.6728
2023-09-10,74.3541
2023-09-11,76.4737
2023-09-14,75.383
2023-09-15,76.4169
2023-09-16,76.7451
2023-09-17,76.7021
2023-09-18,76.297
2023-09-21,74.3164
2023-09-22,74.4951
2023-09-23,76.6273
2023-09-24,74.9246
2023-09-25,75.7297
2023-09-28,75.5733
2023-09-29,75.8521
2023-09-30,75.7978
2023-10-01,76.3834
2023-10-05,76.264
2023-10-06,76.3684
2023-10-07,75.3603
2023-10-08,75.2943
2023-10-09,76.2103
2023-10-12,75.1351
2023-10-13,76.379
2023-10-14,76.4558
2023-10-15,76.2677
2023-10-16,74.383
2023-10-19,74.4189
2023-10-20,74.3337
2023-10-21,75.4546
2023-10-22,74.6557
2023-10-23,76.578
2023-10-26,74.7331
2023-10-27,76.749
2023-10-28,75.765
2023-10-29,74.9732
2023-11-02,77.322
2023-11-03,76.326
2023-11-04,76.6915
2023-11-05,75.2677
2023-11-06,76.0535
2023-11-09,76.9258
2023-11-10,75.2116
2023-11-11,75.2529
2023-11-12,77.45
2023-11-13,76.6713
2023-11-17,75.5087
2023-11-18,77.3629
2023-11-19,77.2555
2023-11-20,77.1598
2023-11-23,75.1409
2023-11-24,76.9752
2023-11-25,76.9762
2023-11-26,75.8262
2023-11-27,76.7983
2023-12-01,74.5083
2023-12-02,75.6501
2023-12-03,74.8938
2023-12-04,75.7413
2023-12-07,74.7657
2023-12-08,74.7613
2023-12-09,75.5882
2023-12-10,74.6684
2023-12-11,76.5914
2023-12-14,74.5417
2023-12-15,75.6532
2023-12-16,74.5209
2023-12-17,74.4336
2023-12-18,76.5146
2023-12-21,74.6498
2023-12-22,76.8879
2023-12-23,74.8132
2023-12-24,75.5838
2023-12-29,75.3669
2024-01-01,74.0328
2024-01-04,76.0115
2024-01-05,74.1068
2024-01-06,76.139
2024-01-07,76.133
2024-01-08,74.3344
2024-01-11,75.4511
2024-01-12,75.3725
2024-01-13,75.1546
2024-01-15,74.0243
2024-01-18,75.22
2024-01-19,75.0243
2024-01-20,75.1251
2024-01-22,75.038
2024-01-25,75.9297
2024-01-27,73.8176
2024-01-28,74.0674
2024-01-29,73.9519
2024-02-01,76.0189
2024-02-02,74.9805
2024-02-03,73.9396
2024-02-04,73.9152
2024-02-05,73.8986
2024-02-08,73.8623
2024-02-09,75.8883
2024-02-10,75.8458
2024-02-11,73.7772
2024-02-12,73.7998
2024-02-15,75.5906
2024-02-16,75.7219
2024-02-17,74.8359
2024-02-18,74.7327
2024-02-22,75.3664
2024-02-23,74.3707
2024-02-24,73.2923
2024-02-26,75.0408
2024-03-01,74.2948
2024-03-02,74.3507
2024-03-03,75.0662
2024-03-04,73.7126
2024-03-05,73.7572
2024-03-08,74.0023
2024-03-09,75.1181
2024-03-10,75.9737
2024-03-12,74.6845
2024-03-15,75.7097
2024-03-16,75.4811
2024-03-17,74.5716
2024-03-18,73.5248
2024-03-19,74.5155
2024-03-22,73.3772
2024-03-23,74.2928
2024-03-24,75.6558
2024-03-25,73.6102
2024-03-26,75.4046
2024-03-30,75.0407
2024-03-31,74.5047
2024-04-05,74.433
2024-04-07,75.1172
2024-04-08,75.37
2024-04-12,76.8525
2024-04-15,78.1699
2024-04-16,76.5607
2024-04-19,75.8847
2024-04-20,76.7296
2024-04-22,76.9404
2024-04-23,75.9144
2024-04-26,76.7672
2024-04-27,76.5993
2024-04-28,76.4042
2024-04-29,75.0573
2024-05-06,75.9406
2024-05-07,74.7443
2024-05-10,75.4135
2024-05-11,74.4518
2024-05-12,74.4389
2024-05-14,75.3721
2024-05-17,75.2423
2024-05-18,74.0353
2024-05-19,74.967
2024-05-20,76.1168
2024-05-21,74.0233
2024-05-24,73.8961
2024-05-25,75.8045
2024-05-28,75.4767
2024-05-31,73.5211
2024-06-01,75.7714
2024-06-02,76.2088
2024-06-03,76.1197
2024-06-04,74.0266
2024-06-07,73.8087
2024-06-08,74.8419
2024-06-09,75.9769
2024-06-10,74.9947
2024-06-11,73.9844
2024-06-14,74.1893
2024-06-15,74.2765
2024-06-16,74.3703
2024-06-17,74.731
2024-06-18,77.1442
2024-06-21,75.1522
2024-06-22,76.13
2024-06-23,75.3737
2024-06-24,75.2362
2024-06-25,77.179
2024-06-28,77.2023
2024-06-29,77.2183
2024-06-30,77.3456
2024-07-07,76.7438
2024-07-08,75.6979
2024-07-09,77.6446
2024-07-12,77.466
2024-07-13,75.4884
2024-07-14,77.5708
2024-07-15,75.5187
2024-07-16,76.6232
2024-07-19,76.7902
2024-07-20,76.8596
2024-07-22,77.3679
2024-07-23,75.4262
2024-07-26,75.4578
2024-07-27,76.416
2024-07-28,77.435
2024-07-29,76.2822
2024-07-30,76.3871
2024-08-02,76.4035
2024-08-03,76.2957
2024-08-04,75.1493
2024-08-05,76.2644
2024-08-06,77.1888
2024-08-09,77.2261
2024-08-10,77.3855
2024-08-11,75.4276
2024-08-12,77.2816
2024-08-13,77.2971
2024-08-17,76.2856
2024-08-18,76.3002
2024-08-20,76.4275
2024-08-23,76.2765
2024-08-24,76.1379
2024-08-25,76.2992
2024-08-26,76.2578
2024-08-27,77.1332
2024-08-30,74.5007
2024-08-31,74.1536
2024-09-01,75.9589
2024-09-02,74.9771
2024-09-03,75.0651
2024-09-06,76.0589
2024-09-07,75.2814
2024-09-08,75.6519
2024-09-09,74.6887
2024-09-13,74.635
2024-09-14,74.6214
2024-09-15,74.6712
2024-09-16,75.4311
2024-09-17,74.4927
2024-09-20,74.6459
2024-09-21,76.5907
2024-09-22,75.8026
2024-09-23,75.7261
2024-09-24,75.6935
2024-09-27,75.6567
2024-09-28,76.7746
2024-09-29,75.153
2024-09-30,76.2551
2024-10-01,75.6395
2024-10-04,76.2429
2024-10-05,77.5307
2024-10-06,77.6292
2024-10-07,75.8607
2024-10-08,76.994
2024-10-10,77.994
2024-10-11,76.1283
2024-10-12,77.3424
2024-10-13,78.4576
2024-10-14,77.3039
2024-10-18,76.3434
2024-10-20,76.0507
2024-10-21,75.7635
2024-10-22,77.7836
2024-10-25,78.0191
2024-10-26,77.1167
2024-10-27,77.9519
2024-10-28,75.8216
2024-10-29,77.7858
2024-11-01,77.9298
2024-11-02,76.7616
2024-11-03,77.5684
2024-11-08,76.1106
2024-11-09,74.9191
2024-11-10,76.1659
2024-11-11,77.4749
2024-11-12,75.4694
2024-11-15,77.3548
2024-11-16,75.4535
2024-11-17,76.3753
2024-11-18,75.1552
2024-11-22,75.3836
2024-11-23,76.5042
2024-11-24,75.4063
2024-11-25,75.5068
2024-11-26,76.7148
2024-11-29,78.091
2024-11-30,78.0885
2024-12-01,77.9163
2024-12-02,75.9989
2024-12-03,75.9852
2024-12-06,76.2978
2024-12-07,78.3532
2024-12-08,78.4733
2024-12-09,76.4992
2024-12-10,78.7189
2024-12-13,78.706
2024-12-14,77.8985
2024-12-15,78.0433
2024-12-16,77.2528
2024-12-17,78.1733
2024-12-20,78.9865
2024-12-21,77.5925
2024-12-22,78.5947
2024-12-23,78.3481
2024-12-24,78.1462
2024-12-27,77.1082
2024-12-28,75.8528
2024-12-29,76.7375
2024-12-30,75.5823
2024-12-31,76.3025
2025-01-03,76.3115
2025-01-04,75.5717
2025-01-05,76.484
2025-01-06,77.4398
2025-01-07,77.2939
2025-01-10,75.1630
2025-01-11,76.9319
2025-01-12,74.9968
2025-01-13,74.9348
2025-01-14,77.1157
2025-01-17,77.3134
2025-01-18,75.4115
2025-01-19,76.5955
2025-01-20,77.3618
2025-01-21,76.5343
2025-01-24,76.5788
2025-01-25,75.7025
2025-01-27,77.1724
2025-01-28,76.9513
2025-01-31,75.9674
2025-02-01,75.5295
2025-02-02,76.8334
2025-02-03,75.8570
2025-02-04,76.7231
2025-02-08,77.6900
2025-02-09,77.8180
2025-02-10,77.9367
2025-02-11,78.3542
2025-02-14,76.5533
2025-02-15,77.6611
2025-02-16,76.0815
2025-02-17,78.0866
2025-02-18,76.9223
2025-02-21,77.4797
2025-02-22,77.8804
2025-02-23,76.6224
2025-02-24,77.2578
2025-02-25,76.2842
2025-02-28,76.4882
2025-03-02,76.7200
2025-03-03,76.7111
2025-03-04,78.1246
2025-03-07,77.9239
2025-03-08,78.8816
2025-03-09,77.8567
2025-03-10,78.1160
2025-03-11,79.4359
2025-03-14,77.6086
2025-03-15,77.4879
2025-03-16,79.3482
2025-03-17,77.8935
2025-03-21,78.1347
2025-03-22,78.3807
2025-03-23,79.1872
2025-03-24,79.3403
2025-03-25,79.1781
2025-03-28,79.2569
2025-03-29,77.9731
2025-03-30,78.7678
2025-03-31,76.8071